soilType,temperature,humidity,rainfall,moistureLevel
Laterite,36.0,70.1,106.5,67.24
Red,31.0,73.6,70.6,68.58
Sandy,38.0,50.4,70.1,93.64
Alluvial,25.8,39.6,116.8,84.25
Clay,27.2,82.2,45.1,43.95
Loamy,22.8,67.3,9.2,40.13
Laterite,29.3,71.5,85.7,77.84
Clay,36.4,47.9,94.4,74.94
Sandy,39.0,81.9,10.9,45.01
Loamy,24.4,69.5,55.7,38.76
Loamy,25.4,54.5,122.1,69.83
Clay,22.3,41.8,123.7,94.61
Sandy,27.3,53.2,109.9,85.53
Red,20.6,68.3,143.9,69.58
Loamy,27.4,80.9,14.1,52.47
Loamy,26.6,75.7,98.7,71.96
Loamy,19.6,61.3,35.9,58.03
Clay,32.7,36.0,8.0,11.94
Clay,28.5,58.1,76.8,68.4
Alluvial,20.1,55.7,42.0,42.26
Loamy,37.5,76.4,122.7,87.88
Clay,18.6,49.8,29.0,45.63
Sandy,29.1,66.8,89.0,88.04
Alluvial,31.8,32.7,19.5,21.06
Loamy,38.6,62.1,127.0,89.74
Loamy,19.1,67.2,29.3,35.44
Clay,26.0,41.3,41.4,48.94
Loamy,37.1,85.0,95.0,78.83
Red,33.9,61.3,87.1,79.23
Clay,22.9,78.8,117.3,78.93
Black,31.3,81.7,58.0,41.13
Red,27.5,34.4,78.0,80.24
Laterite,26.9,86.9,134.5,93.91
Clay,20.6,41.7,62.1,85.15
Loamy,31.6,82.7,7.5,45.52
Sandy,18.8,82.5,130.2,67.62
Loamy,35.3,83.0,111.3,86.49
Sandy,22.1,72.4,44.9,55.45
Loamy,24.9,30.9,74.6,81.53
Black,22.5,37.8,87.1,88.88
Laterite,37.1,85.2,54.2,56.76
Black,32.9,82.5,68.5,79.19
Clay,20.8,56.9,76.0,78.21
Loamy,21.4,68.3,11.7,54.09
Sandy,24.5,72.6,112.1,91.76
Alluvial,35.1,82.1,116.7,67.64
Red,34.3,47.9,62.7,74.42
Clay,33.8,65.1,103.9,80.34
Black,31.7,75.1,53.9,42.96
Sandy,38.3,32.8,141.1,90.23
Alluvial,34.6,65.5,137.3,93.4
Black,35.7,48.7,58.7,39.01
Clay,20.2,60.5,108.3,85.23
Sandy,37.9,86.6,34.1,51.86
Laterite,21.3,50.6,110.5,80.13
Black,32.3,65.7,135.2,84.15
Loamy,28.2,40.9,80.1,84.56
Alluvial,31.7,57.9,54.5,57.34
Sandy,25.6,68.7,87.0,71.81
Clay,34.3,41.1,31.4,58.12
Loamy,30.4,52.8,19.5,58.17
Alluvial,39.6,36.1,89.1,75.9
Laterite,30.2,32.4,16.0,11.92
Laterite,20.9,77.2,129.3,75.49
Red,30.0,79.1,119.0,84.49
Red,39.0,63.9,77.4,94.23
Laterite,33.4,89.3,69.0,90.86
Sandy,33.0,50.5,34.3,57.05
Clay,24.9,81.6,70.8,90.6
Laterite,37.6,30.9,102.5,70.15
Red,35.3,45.2,81.3,67.27
Black,34.6,76.4,105.7,76.88
Clay,33.0,34.6,85.0,75.01
Black,28.2,50.8,80.5,90.57
Black,37.3,35.3,34.8,49.1
Black,38.1,73.7,104.1,91.42
Loamy,28.7,87.0,125.2,65.63
Sandy,19.9,88.4,54.4,52.33
Red,21.5,44.6,106.3,82.34
Loamy,22.5,48.7,131.4,78.21
Red,27.1,57.9,103.5,76.65
Red,29.1,43.6,26.5,46.56
Red,21.9,66.9,118.5,72.5
Clay,36.2,39.5,89.7,89.55
Alluvial,32.7,61.1,132.2,77.2
Alluvial,26.9,60.9,137.2,86.49
Laterite,29.2,36.9,133.6,71.23
Clay,30.3,36.6,36.7,57.96
Loamy,20.3,39.3,127.6,75.24
Loamy,32.0,36.2,13.7,28.46
Loamy,33.3,54.6,7.5,52.91
Red,38.1,86.7,77.0,85.84
Alluvial,20.1,61.9,75.4,74.95
Sandy,36.7,79.5,68.0,66.46
Laterite,23.7,62.6,84.9,92.3
Loamy,25.2,30.7,93.9,73.16
Red,26.4,87.9,148.4,71.6
Laterite,37.9,74.0,28.1,56.47
Loamy,29.4,63.0,92.3,85.37
Loamy,29.6,49.9,17.3,39.71
Clay,29.9,37.1,60.9,77.05
Laterite,37.5,79.7,7.7,36.83
Black,39.0,41.0,123.7,88.07
Alluvial,22.5,78.5,10.7,56.44
Red,32.8,78.0,28.6,46.02
Black,33.1,37.2,134.9,88.82
Red,20.7,61.9,44.5,45.42
Sandy,29.1,81.4,76.9,85.89
Red,36.1,42.2,79.1,82.32
Alluvial,24.4,87.7,104.6,93.74
Laterite,28.5,82.4,53.9,39.26
Loamy,34.5,68.2,93.3,76.06
Sandy,22.9,89.0,35.9,44.44
Red,31.4,79.3,52.0,44.29
Clay,32.5,60.4,7.9,39.53
Sandy,32.0,88.7,57.5,59.28
Red,24.3,46.0,25.8,42.97
Red,34.0,88.1,132.1,76.06
Alluvial,35.5,82.8,116.0,71.03
Alluvial,38.8,37.0,21.7,11.66
Laterite,25.7,34.7,84.0,69.64
Laterite,18.5,50.2,96.2,85.55
Loamy,21.0,60.4,74.5,89.34
Laterite,33.4,37.2,86.3,84.87
Black,24.6,82.5,33.0,52.56
Black,36.5,32.7,66.4,72.7
Alluvial,24.7,58.0,18.1,47.35
Sandy,39.8,65.1,149.9,94.99
Laterite,20.4,60.8,110.5,82.79
Sandy,21.3,43.8,76.2,91.6
Laterite,19.2,75.6,101.0,73.24
Black,38.3,71.6,116.2,70.03
Laterite,25.2,53.2,38.8,35.05
Laterite,21.5,52.7,93.9,85.32
Alluvial,28.3,47.6,32.7,58.87
Loamy,26.1,74.6,134.2,87.38
Sandy,18.0,36.8,120.2,82.66
Alluvial,39.3,44.0,126.4,83.28
Loamy,21.8,51.3,140.8,69.98
Sandy,38.6,81.0,93.2,84.98
Red,21.0,76.2,101.4,69.22
Sandy,19.9,37.8,95.3,87.57
Laterite,26.3,56.1,110.3,70.0
Clay,32.1,32.7,55.0,47.6
Red,23.8,88.8,74.6,80.02
Red,24.3,51.1,70.3,72.27
Loamy,37.4,60.4,13.9,46.41
Black,20.1,74.5,96.2,83.81
Laterite,35.6,36.9,9.0,28.41
Alluvial,31.1,75.7,121.3,72.43
Red,25.1,87.2,128.0,93.14
Loamy,33.2,47.4,7.5,50.89
Black,38.6,52.4,50.1,55.99
Laterite,25.0,50.6,56.5,42.88
Sandy,20.1,46.6,20.9,58.39
Red,26.2,47.6,47.3,40.94
Red,36.0,78.3,100.8,72.27
Laterite,34.3,82.7,122.9,89.13
Alluvial,37.6,33.5,95.5,81.91
Red,33.6,57.0,126.6,86.98
Black,18.4,50.3,123.6,68.51
Laterite,30.9,55.5,6.5,35.56
Alluvial,32.5,45.6,36.9,49.76
Laterite,28.9,87.8,87.3,73.28
Black,30.9,48.2,65.6,87.84
Laterite,20.2,60.7,76.5,69.8
Laterite,36.6,33.9,132.9,75.61
Black,29.8,37.2,96.6,70.32
Laterite,20.3,89.5,87.7,78.77
Black,31.4,72.3,58.2,51.86
Red,29.2,71.6,17.9,35.57
Alluvial,20.1,78.9,9.2,42.21
Loamy,25.7,83.8,75.6,72.56
Red,34.5,44.1,100.1,82.4
Laterite,27.4,56.9,89.8,66.14
Red,29.9,72.6,105.2,81.89
Loamy,30.1,69.9,75.0,94.84
Laterite,25.7,47.6,14.5,45.66
Clay,20.6,85.3,46.9,35.35
Black,38.7,33.4,36.4,58.6
Sandy,26.4,60.8,67.2,81.42
Alluvial,26.1,65.8,28.7,56.38
Black,22.4,52.4,138.5,79.11
Sandy,27.3,33.1,145.7,75.71
Red,25.1,73.7,29.0,38.17
Black,31.2,61.6,146.6,75.61
Loamy,30.3,72.0,56.6,46.58
Loamy,20.2,67.2,133.6,87.67
Loamy,26.9,54.1,76.0,72.59
Red,38.7,30.1,75.0,82.23
Loamy,24.8,36.1,119.8,85.25
Sandy,19.5,41.5,47.7,50.16
Red,31.2,63.8,124.7,82.26
Alluvial,23.6,73.3,22.4,52.5
Loamy,32.5,35.6,71.9,84.76
Alluvial,33.5,37.4,142.6,85.99
Alluvial,24.3,76.3,35.8,52.58
Sandy,21.1,35.7,38.0,57.29
Laterite,22.3,37.2,5.5,21.67
Loamy,30.9,64.1,105.3,75.77
Laterite,34.7,42.2,128.4,94.78
Loamy,27.2,33.4,54.5,40.7
Red,23.5,45.6,76.0,78.93
Red,19.0,60.3,38.2,48.67
Black,26.0,61.5,130.9,82.62
Black,24.2,36.9,32.8,39.76
Black,27.7,59.1,83.2,79.73
Laterite,29.9,80.1,104.2,74.15
Alluvial,27.0,38.7,108.2,72.86
Red,25.9,40.1,18.1,26.12
Clay,22.7,56.5,119.2,94.53
Red,34.8,80.6,38.3,38.57
Sandy,21.8,35.1,71.9,83.48
Loamy,30.6,60.5,101.6,91.64
Black,30.1,41.2,27.1,39.69
Clay,35.4,32.4,73.2,78.8
Alluvial,37.2,68.4,140.3,94.22
Red,27.8,34.2,111.4,71.44
Red,28.9,43.1,24.8,21.82
Alluvial,34.2,39.9,75.1,81.64
Loamy,30.3,31.7,44.8,55.63
Sandy,27.2,45.0,73.8,93.18
Black,18.7,65.2,130.9,79.99
Loamy,28.1,41.3,131.4,91.06
Loamy,20.4,58.4,64.8,78.02
Clay,35.5,51.4,105.6,75.55
Loamy,35.3,53.5,51.8,40.7
Black,39.8,73.7,78.5,65.03
Sandy,31.7,61.4,39.9,45.68
Laterite,27.3,75.7,34.5,56.76
Laterite,24.3,51.6,139.4,83.29
Alluvial,30.3,39.0,66.2,79.4
Clay,27.7,86.9,96.2,82.41
Loamy,37.7,60.7,43.9,48.73
Laterite,31.9,61.5,117.9,77.2
Sandy,26.2,49.7,27.3,47.44
Red,35.8,31.4,81.9,81.91
Sandy,35.9,48.6,79.7,94.16
Clay,33.0,77.9,93.3,66.37
Black,34.9,49.7,55.5,55.21
Red,23.3,59.6,77.0,83.86
Red,33.1,45.7,126.0,87.59
Laterite,35.4,84.1,78.6,67.25
Sandy,19.2,50.1,61.9,74.17
Laterite,27.7,81.1,146.2,84.61
Clay,37.2,41.1,28.7,44.61
Sandy,25.6,78.5,82.3,93.01
Laterite,32.1,82.0,132.1,87.42
Red,38.6,75.5,88.1,88.15
Laterite,31.5,76.7,146.4,70.16
Laterite,26.6,51.1,111.3,69.88
Laterite,18.6,83.1,89.4,82.42
Loamy,30.0,85.5,132.0,70.3
Alluvial,28.0,61.9,38.4,38.36
Black,24.4,52.7,101.0,92.98
Loamy,25.2,69.1,43.8,47.34
Alluvial,27.4,35.9,17.9,16.78
Red,20.8,57.8,124.1,79.67
Alluvial,33.4,48.1,74.9,81.22
Black,30.7,83.6,97.0,86.05
Red,36.8,39.8,20.1,13.36
Black,38.1,48.9,85.2,90.69
Loamy,31.6,42.4,115.4,87.84
Red,25.9,48.4,45.4,51.66
Black,37.9,34.1,60.5,94.5
Black,30.3,34.8,44.4,44.13
Clay,29.8,72.9,141.2,67.11
Sandy,38.9,86.9,126.5,76.79
Sandy,25.7,63.5,78.2,80.12
Red,37.0,72.3,68.1,66.47
Loamy,36.5,35.1,21.0,29.98
Red,32.1,58.7,22.7,37.3
Red,29.4,57.3,112.6,81.26
Clay,24.4,65.7,124.5,82.3
Black,40.0,84.1,127.7,67.24
Red,26.8,78.3,110.4,80.04
Alluvial,30.8,50.5,54.9,57.69
Clay,34.4,69.7,99.3,90.17
Sandy,19.6,82.8,14.1,59.17
Laterite,32.4,57.0,86.8,80.98
Alluvial,21.1,39.1,23.7,10.88
Clay,33.0,51.1,46.1,46.6
Laterite,29.7,82.7,126.4,70.34
Laterite,29.0,86.0,46.6,56.19
Alluvial,20.8,42.5,96.8,72.64
Red,22.0,35.6,136.3,69.65
Alluvial,22.6,60.4,109.1,84.52
Clay,30.1,70.3,117.2,85.53
Black,35.6,33.8,83.6,77.36
Sandy,30.8,56.3,57.8,35.9
Red,23.7,48.5,116.3,85.92
Loamy,31.4,49.0,140.4,67.22
Clay,24.0,57.6,30.0,37.24
Alluvial,32.3,79.5,82.6,73.02
Red,27.6,86.6,82.8,76.2
Black,28.0,32.0,113.5,84.09
Laterite,31.7,69.1,44.1,54.51
Loamy,33.9,50.7,19.4,47.35
Black,21.7,70.1,55.6,44.86
Alluvial,32.5,55.5,120.6,84.96
Red,33.2,35.4,34.8,54.81
Red,35.4,48.3,93.7,86.15
Black,34.0,45.3,44.4,42.78
Red,38.1,41.5,36.5,46.17
Alluvial,33.9,73.6,72.0,81.41
Black,35.7,44.3,112.1,75.98
Alluvial,26.0,82.4,17.6,55.19
Clay,34.1,63.5,48.9,35.99
Alluvial,26.9,34.0,126.5,71.32
Black,36.5,34.0,105.4,82.23
Alluvial,29.3,82.8,128.1,76.46
Laterite,18.5,71.2,27.1,50.04
Laterite,21.7,86.3,21.3,42.55
Red,39.8,53.1,77.5,82.9
Loamy,18.8,66.1,38.3,46.13
Alluvial,33.0,74.2,59.5,43.47
Black,29.3,42.6,57.4,45.4
Red,23.3,42.5,72.1,77.12
Sandy,26.5,30.9,141.0,83.16
Red,21.0,85.0,104.9,94.23
Laterite,18.4,30.4,14.2,29.74
Alluvial,20.8,86.5,88.7,90.1
Loamy,30.3,75.7,35.7,37.08
Clay,27.8,54.7,94.4,82.55
Alluvial,23.6,45.7,10.6,50.53
Red,31.4,54.9,91.8,90.75
Black,18.2,49.6,40.4,37.01
Red,39.6,79.3,110.0,77.41
Loamy,39.9,54.5,24.1,51.34
Laterite,32.9,51.3,68.6,65.32
Black,39.3,61.3,36.8,39.01
Sandy,23.0,80.1,24.6,47.42
Red,34.0,88.1,38.3,49.47
Laterite,19.8,86.7,107.0,78.53
Clay,22.5,84.3,30.3,35.09
Loamy,18.0,76.4,99.1,94.64
Clay,30.8,40.3,25.0,36.01
Black,34.6,30.7,72.2,71.05
Sandy,20.3,56.3,88.5,86.14
Sandy,22.6,42.1,93.2,75.92
Red,21.1,41.0,53.9,53.08
Loamy,22.9,70.7,94.8,85.83
Sandy,34.5,81.2,147.5,87.03
Red,38.3,82.8,79.8,83.24
Loamy,32.6,70.4,96.8,92.32
Laterite,29.3,52.0,58.1,45.56
Red,21.9,71.0,51.0,35.16
Clay,30.2,63.7,96.6,76.83
Black,31.0,54.3,145.7,67.37
Laterite,20.3,63.4,70.8,94.66
Red,36.7,59.2,61.9,76.51
Loamy,39.9,66.7,60.1,72.38
Loamy,25.1,82.3,53.7,54.51
Alluvial,26.9,81.0,138.6,70.39
Alluvial,28.7,53.1,23.2,58.8
Loamy,18.5,36.6,36.1,42.26
Black,24.7,54.6,75.1,88.86
Alluvial,30.1,47.5,19.4,58.06
Black,32.1,41.0,17.1,20.17
Clay,21.0,49.3,117.9,81.09
Alluvial,25.5,36.3,37.3,36.66
Sandy,22.4,71.9,34.2,40.13
Loamy,33.2,52.9,127.4,87.08
Clay,22.8,80.7,10.2,37.81
Laterite,22.6,49.8,72.7,78.45
Black,34.9,74.2,6.7,42.8
Alluvial,18.6,73.9,134.5,71.1
Black,21.3,62.4,56.0,44.8
Loamy,23.6,39.0,48.9,58.16
Clay,27.0,70.7,13.1,48.54
Sandy,27.0,31.8,126.1,65.89
Loamy,26.5,66.1,78.5,93.91
Loamy,27.5,88.8,54.6,57.96
Black,24.5,57.2,133.0,68.66
Sandy,19.6,30.9,64.1,89.62
Clay,22.2,89.2,35.2,41.06
Sandy,18.2,36.2,118.1,91.01
Laterite,31.0,45.1,64.5,70.96
Red,29.3,60.2,58.3,41.39
Laterite,24.5,46.1,147.4,67.26
Alluvial,23.4,83.7,13.0,50.73
Black,36.2,30.0,30.1,58.58
Alluvial,34.1,57.7,96.9,73.09
Red,18.9,67.2,128.2,81.41
Black,21.2,38.8,65.3,74.76
Black,35.7,47.2,140.3,92.03
Laterite,24.9,63.3,30.8,35.58
Black,28.6,76.0,109.2,85.89
Alluvial,23.9,87.5,134.3,92.55
Red,34.6,77.3,89.2,90.32
Loamy,22.2,65.1,125.4,81.84
Alluvial,19.8,47.7,62.2,90.23
Laterite,19.8,63.8,141.4,80.55
Loamy,19.8,80.5,84.8,84.95
Laterite,38.4,69.8,19.5,37.73
Red,21.3,74.8,80.7,70.09
Loamy,25.4,41.7,98.2,84.52
Alluvial,37.2,76.2,122.9,69.52
Loamy,23.7,58.0,17.7,56.35
Alluvial,35.6,55.8,38.5,51.88
Black,18.5,73.7,10.7,44.02
Alluvial,19.7,31.9,110.9,82.61
Clay,21.3,69.9,149.7,86.86
Black,19.5,55.7,62.1,78.88
Clay,22.6,62.2,76.3,83.0
Laterite,37.0,64.3,37.6,44.06
Alluvial,23.8,33.9,122.0,79.46
Loamy,31.9,69.6,69.1,76.83
Laterite,31.8,56.2,123.7,68.37
Black,18.6,33.7,147.1,71.4
Sandy,36.6,32.7,87.0,70.92
Black,28.2,66.4,72.6,65.91
Red,33.2,32.8,24.5,15.62
Alluvial,23.1,40.3,23.5,20.75
Laterite,24.9,41.1,139.1,65.22
Alluvial,19.8,58.6,129.0,93.8
Clay,30.0,38.2,95.1,78.47
Loamy,24.7,67.5,69.4,72.4
Clay,27.2,39.2,42.1,57.29
Loamy,35.6,45.6,61.1,80.77
Red,24.1,42.1,125.7,87.05
Laterite,24.4,36.3,32.7,42.1
Clay,21.0,54.4,119.7,79.08
Black,34.5,83.7,36.5,45.69
Laterite,22.3,55.1,7.4,41.28
Laterite,37.0,31.3,131.5,88.48
Clay,22.3,36.0,50.8,50.46
Alluvial,36.4,89.9,83.9,68.1
Sandy,21.5,72.7,75.7,73.54
Sandy,39.0,54.4,63.2,73.34
Laterite,21.7,57.4,120.9,78.53
Sandy,35.6,76.2,12.8,44.33
Clay,30.7,81.6,109.6,88.27
Clay,36.6,84.1,132.6,85.15
Clay,22.0,63.5,23.8,42.06
Loamy,34.0,78.9,28.4,46.15
Sandy,19.7,88.9,109.2,79.36
Black,32.6,80.5,55.1,49.83
Red,18.6,66.0,120.2,92.62
Alluvial,38.4,85.8,92.3,74.11
Loamy,20.3,65.7,58.0,48.14
Laterite,30.5,42.0,71.6,90.62
Laterite,32.4,76.1,95.2,88.29
Sandy,22.1,50.3,126.3,66.53
Clay,32.8,58.3,47.6,56.25
Sandy,39.0,77.2,149.8,80.06
Alluvial,34.1,72.2,144.2,90.38
Sandy,37.3,50.1,22.9,46.93
Red,30.6,61.4,98.4,82.99
Laterite,20.0,63.6,68.1,78.56
Black,27.6,38.9,97.6,87.45
Clay,27.5,37.8,40.4,39.1
Loamy,36.2,32.1,19.5,12.15
Sandy,33.6,33.9,59.7,50.17
Loamy,37.5,39.4,31.4,36.36
Laterite,38.6,54.3,13.5,51.86
Laterite,25.6,32.4,94.4,68.64
Red,26.1,40.2,139.6,81.58
Black,24.2,55.4,138.1,80.32
Loamy,19.6,36.3,22.3,27.4
Clay,31.9,41.5,8.0,25.59
Loamy,37.9,63.3,31.5,50.03
Laterite,28.8,68.5,44.0,35.83
Red,23.6,88.4,62.8,70.08
Loamy,27.7,76.0,84.2,79.1
Sandy,37.0,38.0,144.8,87.64
Red,36.0,30.9,148.0,70.08
Black,23.9,47.4,86.0,77.83
Alluvial,39.7,49.9,104.1,78.88
Clay,21.9,67.0,107.9,83.71
Red,33.8,70.2,47.4,36.99
Red,21.6,50.0,77.9,91.41
Sandy,22.9,38.2,19.5,19.0
Red,28.4,65.9,118.6,76.65
Laterite,29.6,57.1,115.1,82.94
Black,34.0,45.2,98.1,82.5
Black,26.2,67.9,50.5,57.44
Clay,26.3,68.1,149.1,83.05
Alluvial,34.8,74.5,138.2,90.43
Laterite,24.1,48.4,44.1,36.79
Loamy,23.9,83.4,10.9,51.62
Alluvial,20.7,68.7,16.7,40.48
Alluvial,28.1,69.6,98.8,82.28
Alluvial,32.4,82.2,27.8,37.92
Alluvial,36.2,43.3,22.6,10.98
Loamy,30.5,68.3,48.1,42.01
Sandy,31.7,84.2,123.9,66.38
Red,25.9,43.3,134.0,79.48
Alluvial,27.9,46.9,53.7,41.91
Laterite,24.2,44.6,105.8,89.21
Alluvial,26.5,61.7,63.3,70.78
Laterite,27.9,46.9,105.3,86.35
Black,25.8,47.1,124.5,65.65
Alluvial,21.5,64.4,110.5,91.29
Loamy,30.4,82.5,144.1,77.78
Laterite,35.2,35.5,99.2,89.85
Clay,37.6,71.7,57.3,59.85
Sandy,22.4,85.7,93.7,90.66
Sandy,33.4,47.1,85.2,83.13
Loamy,33.3,71.2,69.1,82.76
Red,20.7,47.2,20.1,40.75
Laterite,26.0,62.1,125.5,68.84
Clay,23.1,87.9,66.7,83.09
Red,34.3,47.1,144.6,85.7
Black,30.4,40.1,20.1,14.15
Black,32.6,82.1,124.8,78.9
Loamy,32.7,61.6,84.0,76.01
Black,34.5,36.6,44.8,55.67
Red,37.8,66.2,108.7,78.86
Laterite,18.5,68.8,30.9,39.19
Black,38.1,69.3,127.0,79.75
Clay,20.0,86.3,127.3,79.1
Black,23.7,44.0,63.6,70.87
Laterite,29.5,77.2,60.9,81.38
Red,18.0,66.3,48.9,36.99
Loamy,21.3,34.8,143.8,69.33
Black,36.9,62.6,28.5,44.06
Loamy,33.2,40.6,129.3,74.43
Laterite,25.9,33.0,90.1,84.97
Red,27.8,40.5,68.8,70.15
Sandy,28.3,59.6,52.2,41.11
Sandy,39.2,55.0,86.0,66.39
Laterite,20.1,62.9,140.9,69.37
Loamy,21.4,40.8,128.2,66.25
Loamy,30.2,52.6,36.9,48.36
Clay,27.5,55.0,88.8,90.91
Loamy,29.5,89.7,144.6,93.57
Alluvial,36.4,66.1,68.3,74.2
Alluvial,25.1,80.1,112.6,91.98
Clay,18.8,38.8,18.5,28.15
Alluvial,28.6,40.8,72.6,75.46
Laterite,30.9,40.0,18.3,21.2
Sandy,34.3,42.2,12.6,28.59
Laterite,37.3,78.0,5.2,45.89
Loamy,25.2,39.9,78.8,67.25
Sandy,37.2,52.0,33.4,47.93
Black,36.7,33.9,52.2,45.67
Clay,32.0,57.5,47.2,50.54
Black,27.1,61.6,100.7,71.88
Black,32.9,32.2,50.8,43.59
Sandy,26.5,42.8,63.5,67.61
Laterite,35.3,40.2,146.0,66.24
Red,20.7,90.0,75.4,75.81
Sandy,20.1,73.1,89.6,77.24
Loamy,18.3,63.7,135.2,78.18
Clay,38.3,67.5,25.3,46.18
Alluvial,25.9,44.6,124.2,87.47
Clay,33.4,49.8,10.8,46.39
Clay,19.1,33.6,46.8,55.03
Alluvial,22.0,59.5,54.8,38.91
Red,32.1,73.2,144.2,93.96
Red,21.7,65.3,85.5,84.78
Laterite,25.2,31.8,27.0,37.79
Clay,32.9,50.2,85.7,84.46
Black,31.0,52.5,44.0,48.82
Sandy,22.8,32.6,18.8,17.27
Sandy,38.8,50.7,126.7,85.63
Black,20.2,52.0,31.6,52.59
Red,33.2,74.0,44.3,48.31
Clay,27.1,74.2,27.7,38.19
Red,24.5,69.6,81.0,79.1
Red,30.5,88.6,32.7,58.4
Laterite,27.1,38.3,62.3,84.94
Sandy,19.4,52.3,120.1,91.61
Sandy,32.5,40.5,105.8,94.01
Sandy,34.9,50.8,102.9,77.92
Laterite,28.8,32.8,86.7,86.03
Red,39.3,58.2,54.0,57.21
Laterite,31.8,30.6,36.4,55.17
Alluvial,31.5,87.7,122.0,94.77
Clay,39.8,51.4,82.6,90.76
Black,37.3,49.1,114.5,70.99
Laterite,30.7,51.7,29.0,44.57
Black,23.6,62.9,52.2,53.31
Clay,33.1,50.0,108.4,91.13
Sandy,25.0,41.5,66.9,94.26
Red,33.5,45.9,109.5,94.74
Black,38.8,77.3,112.5,81.72
Alluvial,25.5,46.7,73.5,75.91
Alluvial,39.6,66.5,34.7,49.38
Clay,30.4,40.8,52.8,44.35
Clay,26.8,74.8,30.1,38.42
Loamy,32.1,48.5,30.2,50.63
Alluvial,39.9,84.8,144.0,67.35
Clay,28.0,88.2,33.9,49.37
Black,36.2,81.1,145.1,79.17
Red,35.5,30.0,12.7,19.7
Alluvial,28.3,57.5,67.5,79.73
Alluvial,26.3,30.4,121.9,68.7
Laterite,32.5,35.8,51.9,41.91
Clay,25.8,75.9,120.4,71.1
Laterite,36.6,72.1,99.2,66.11
Laterite,28.5,47.5,48.2,35.07
Black,33.1,77.9,24.5,57.21
Red,32.6,31.7,105.2,79.36
Laterite,37.7,59.1,93.9,87.74
Alluvial,39.1,73.8,97.4,93.81
Laterite,35.9,50.1,26.1,46.26
Loamy,30.7,88.4,69.9,80.92
Red,19.3,37.6,122.1,82.11
Sandy,26.5,69.2,72.4,77.23
Alluvial,21.4,73.0,24.7,43.3
Alluvial,25.4,67.6,113.8,76.69
Clay,39.6,57.6,122.0,82.74
Loamy,34.0,71.9,70.9,86.24
Sandy,22.7,33.9,71.8,85.3
Alluvial,22.0,78.0,110.8,92.33
Sandy,31.6,55.5,56.9,54.72
Red,22.5,51.2,5.0,48.82
Loamy,31.8,42.7,37.5,51.03
Black,36.6,61.4,117.4,82.34
Clay,22.5,85.5,101.6,65.43
Alluvial,35.6,47.2,114.8,91.53
Red,36.8,63.1,84.6,79.41
Black,35.0,57.4,120.2,92.41
Clay,37.4,81.6,5.4,50.09
Alluvial,34.2,86.2,80.9,86.16
Sandy,19.2,63.9,85.0,66.02
Black,25.6,38.5,62.2,91.93
Clay,18.3,64.3,112.1,87.67
Alluvial,32.2,73.4,72.2,66.05
Laterite,24.8,40.5,62.5,73.9
Black,34.6,52.3,103.6,71.32
Red,19.1,62.6,80.8,84.27
Red,27.5,84.2,68.4,85.28
Loamy,36.0,79.5,37.9,50.43
Alluvial,35.9,76.6,18.4,46.96
Clay,23.8,39.3,140.4,66.59
Alluvial,22.7,89.9,47.5,51.2
Red,36.7,31.1,58.6,35.7
Red,31.4,79.5,140.5,69.24
Laterite,39.0,33.8,137.6,80.26
Black,37.0,57.2,119.6,84.37
Laterite,23.0,82.3,17.7,43.51
Red,26.5,77.7,16.6,56.07
Alluvial,35.7,53.4,33.4,51.47
Laterite,29.5,78.2,41.1,42.68
Alluvial,28.8,42.9,31.9,40.36
Black,32.1,62.4,83.5,83.2
Sandy,23.2,61.6,61.0,65.35
Sandy,23.5,42.6,94.0,75.38
Laterite,37.3,36.0,46.9,53.31
Clay,35.6,54.2,27.2,51.49
Alluvial,29.7,60.4,47.1,39.51
Laterite,35.7,66.4,83.7,71.19
Alluvial,30.3,41.4,67.1,78.58
Red,33.0,42.4,36.5,42.11
Clay,22.2,46.0,115.0,81.96
Laterite,19.5,64.8,5.7,57.72
Loamy,30.4,42.7,127.5,81.76
Red,19.2,51.5,133.4,83.27
Loamy,39.0,60.9,10.6,38.48
Sandy,38.6,33.0,143.2,91.58
Red,18.4,80.9,64.9,86.07
Loamy,22.2,30.7,106.6,86.4
Black,24.1,81.2,127.3,89.37
Laterite,38.5,51.3,34.2,53.92
Loamy,35.1,61.7,36.8,40.1
Laterite,39.7,35.7,128.4,83.76
Sandy,24.6,78.3,75.4,67.14
Red,27.2,34.7,132.2,65.02
Alluvial,32.8,83.4,23.0,58.73
Black,18.8,44.9,20.4,24.13
Clay,21.4,37.4,55.6,58.84
Laterite,18.7,45.8,73.2,93.63
Laterite,24.7,73.0,123.9,65.85
Sandy,20.3,45.2,17.3,49.57
Black,30.0,74.1,135.4,90.48
Sandy,31.2,88.4,141.2,72.89
Alluvial,32.0,70.4,135.4,94.92
Loamy,22.6,75.3,29.9,48.89
Loamy,27.0,39.7,63.5,84.27
Alluvial,23.3,83.6,48.4,39.49
Clay,37.8,56.1,127.9,67.85
Loamy,27.8,85.9,120.6,94.65
Sandy,33.6,57.9,144.7,69.07
Loamy,39.9,59.8,43.1,38.35
Clay,18.0,59.6,24.3,44.41
Alluvial,22.4,50.4,107.0,89.21
Loamy,32.4,38.0,79.3,89.47
Black,33.3,71.7,128.2,89.98
Sandy,33.5,58.7,9.3,51.05
Black,20.2,48.4,82.4,67.22
Clay,22.3,63.6,89.6,92.62
Alluvial,23.0,70.7,31.2,36.21
Loamy,21.4,32.3,147.9,72.86
Sandy,25.7,66.0,88.5,85.83
Black,30.1,46.7,8.0,41.29
Clay,20.4,58.6,143.6,77.84
Laterite,39.3,72.5,68.4,81.69
Sandy,23.3,61.4,37.6,47.42
Loamy,20.3,39.9,23.2,17.82
Loamy,19.9,51.9,91.0,79.12
Red,23.1,53.8,115.4,89.1
Loamy,39.0,83.1,17.7,58.0
Clay,34.6,55.8,120.2,67.47
Alluvial,25.9,87.5,127.3,85.82
Red,22.6,68.8,129.1,71.95
Black,24.4,60.5,119.4,91.35
Alluvial,25.2,63.8,26.8,52.42
Alluvial,37.2,36.1,111.6,88.19
Sandy,31.5,34.0,87.8,68.55
Laterite,22.7,70.9,92.0,81.46
Red,29.6,37.2,28.3,56.73
Sandy,30.6,78.0,85.4,84.15
Alluvial,19.0,33.6,20.4,10.72
Loamy,39.9,30.8,19.1,17.54
Black,38.6,33.3,104.4,79.63
Laterite,24.2,71.3,59.6,44.24
Loamy,18.6,49.3,111.0,80.49
Red,22.5,68.3,125.3,70.59
Laterite,37.3,89.0,142.5,75.95
Red,18.8,53.0,47.5,39.25
Red,30.6,70.5,77.2,89.29
Clay,25.3,66.8,79.3,94.55
Alluvial,19.4,38.5,94.3,89.04
Red,35.6,51.8,77.1,91.22
Clay,20.4,67.6,134.3,81.15
Black,21.0,58.4,8.5,52.93
Loamy,31.3,60.5,96.6,92.75
Red,39.3,31.6,129.1,85.81
Clay,25.4,74.2,52.6,52.68
Loamy,19.4,50.5,147.7,94.83
Red,20.9,51.1,13.8,40.28
Laterite,36.3,73.0,12.3,56.97
Loamy,19.1,65.4,45.6,45.98
Black,34.4,72.1,63.9,81.16
Alluvial,28.5,54.1,51.1,58.47
Clay,19.9,36.6,89.6,69.63
Laterite,20.4,78.7,64.6,83.26
Red,30.9,85.5,61.6,74.59
Laterite,23.6,52.7,111.6,94.25
Clay,33.5,42.9,44.6,44.12
Alluvial,39.0,64.1,87.2,84.27
Loamy,34.9,50.7,129.1,84.92
Black,33.4,84.9,76.9,81.97
Loamy,36.3,62.4,41.3,36.02
Sandy,35.5,36.4,34.0,51.21
Black,31.5,33.5,8.0,14.8
Red,25.4,68.0,90.8,67.14
Loamy,39.5,35.0,79.8,82.63
Black,31.4,56.7,30.3,36.54
Alluvial,34.5,40.9,111.0,81.96
Sandy,38.9,77.8,25.4,37.53
Loamy,31.0,62.5,101.0,69.11
Red,24.2,67.8,36.5,57.88
Alluvial,39.2,61.4,42.3,53.43
Alluvial,34.6,71.5,46.8,57.44
Alluvial,24.7,83.7,58.8,55.59
Red,37.9,68.1,76.9,71.91
Clay,34.4,82.8,126.0,83.12
Alluvial,26.0,41.0,54.6,42.36
Loamy,18.3,34.1,120.2,65.77
Black,32.4,40.5,144.8,73.85
Black,31.3,63.1,80.7,72.57
Sandy,37.7,84.4,34.0,38.58
Clay,20.9,51.1,14.4,53.98
Clay,24.9,47.0,134.8,70.89
Alluvial,18.8,47.1,27.9,49.98
Alluvial,33.2,50.2,56.8,43.97
Sandy,23.8,60.2,131.8,82.88
Clay,35.7,72.5,25.1,39.92
Clay,33.2,38.0,100.2,82.38
Alluvial,23.2,82.6,37.9,53.5
Clay,29.6,71.0,16.7,56.34
Black,18.5,67.8,57.6,37.38
Red,28.1,36.8,69.6,68.83
Clay,33.6,37.9,38.0,37.71
Clay,34.3,88.2,28.8,52.17
Alluvial,25.4,32.8,133.5,86.22
Loamy,24.4,83.8,87.9,91.38
Alluvial,31.7,44.2,86.9,78.75
Laterite,33.2,60.1,105.1,79.01
Red,20.0,59.5,93.3,86.24
Laterite,18.2,63.7,128.2,77.95
Sandy,25.3,78.5,32.9,51.33
Clay,29.1,39.6,56.9,45.14
Laterite,39.3,43.7,22.2,26.39
Laterite,30.7,47.0,38.0,52.07
Black,18.7,61.1,27.1,57.91
Laterite,34.4,43.9,22.9,20.91
Sandy,34.7,42.5,118.1,89.39
Clay,27.7,86.2,74.6,77.55
Loamy,18.5,87.1,109.9,71.53
Loamy,29.4,87.3,139.2,73.81
Black,29.3,76.2,145.5,79.58
Clay,36.9,78.1,119.0,78.98
Clay,36.8,77.2,57.2,56.78
Laterite,20.7,72.5,44.8,44.49
Alluvial,24.9,71.8,130.6,80.97
Black,31.3,48.5,76.0,65.57
Black,22.7,33.8,80.0,65.88
Sandy,39.1,77.5,126.6,89.26
Clay,29.4,41.2,46.9,57.92
Black,34.9,47.9,46.3,41.44
Black,39.5,81.5,54.4,50.29
Alluvial,24.7,58.2,128.3,65.08
Clay,20.5,50.0,85.0,91.51
Red,34.3,41.8,50.1,56.23
Black,20.3,41.7,71.8,84.31
Alluvial,36.1,62.9,94.5,86.55
Alluvial,29.9,59.1,147.3,76.66
Alluvial,34.6,40.4,122.9,91.01
Loamy,32.4,31.6,103.2,69.84
Clay,28.3,60.3,80.8,86.59
Laterite,39.1,88.2,65.1,80.36
Loamy,27.3,58.3,39.4,55.36
Alluvial,28.0,46.8,29.3,54.54
Loamy,29.0,68.8,93.7,70.62
Alluvial,19.9,72.0,129.3,81.17
Laterite,40.0,54.2,65.7,85.94
Alluvial,37.7,33.5,149.2,90.2
Sandy,21.1,71.3,83.9,77.87
Loamy,34.4,39.0,101.9,91.35
Loamy,30.1,30.9,94.9,67.23
Sandy,38.2,36.2,109.2,83.3
Alluvial,28.2,73.2,99.6,73.73
Loamy,27.5,54.7,111.3,65.44
Alluvial,26.4,50.6,93.0,79.28
Black,36.8,44.7,107.2,75.54
Black,33.8,65.2,65.7,76.03
Black,23.7,43.5,127.0,76.31
Red,25.6,57.5,39.9,55.78
Red,28.7,49.0,37.9,48.89
Alluvial,23.2,67.1,54.8,39.81
Clay,31.9,32.1,48.9,52.38
Black,22.2,38.9,11.2,13.53
Sandy,18.1,40.0,54.5,35.58
Alluvial,19.9,86.9,11.8,42.93
Loamy,23.1,52.8,56.5,56.05
Laterite,24.9,87.9,128.8,67.88
Sandy,19.9,49.3,12.9,53.57
Red,24.1,38.4,62.4,65.04
Black,37.0,87.0,22.1,38.03
Loamy,31.0,73.2,28.2,53.11
Sandy,32.8,31.9,16.2,22.72
Loamy,37.4,45.6,81.6,74.11
Loamy,32.4,58.7,18.5,59.99
Sandy,34.2,46.9,132.0,69.8
Loamy,20.9,33.3,113.4,71.18
Alluvial,37.3,54.7,62.4,70.52
Black,33.8,57.4,147.4,67.98
Alluvial,23.1,49.6,22.2,37.97
Sandy,28.4,41.7,45.7,38.54
Laterite,35.3,77.0,33.1,52.16
Clay,38.3,73.5,123.9,81.56
Clay,25.2,36.7,75.2,89.5
Black,33.0,78.5,83.8,80.72
Loamy,30.9,31.9,23.5,20.68
Sandy,34.8,66.4,142.4,93.23
Red,38.4,33.9,99.5,70.74
Sandy,36.5,69.7,85.4,92.16
Clay,32.4,38.9,38.1,38.03
Black,36.8,72.5,119.1,81.61
Clay,25.6,71.8,116.6,71.84
Black,24.9,44.1,103.5,88.89
Clay,19.3,50.1,38.0,37.09
Laterite,20.1,52.1,21.9,37.34
Alluvial,33.3,31.9,89.7,84.38
Black,23.0,58.2,117.7,71.59
Sandy,25.5,85.9,144.8,79.31
Red,24.8,68.5,59.3,51.85
Black,18.8,46.7,39.2,42.65
Sandy,29.7,65.1,142.4,76.9
Laterite,32.6,33.3,138.7,79.65
Clay,33.0,52.4,86.2,83.99
Sandy,36.2,79.5,34.1,54.02
Alluvial,28.6,69.7,53.2,43.09
Loamy,24.7,56.2,35.7,39.22
Clay,30.4,69.5,75.4,89.15
Clay,37.3,30.6,81.5,91.46
Alluvial,31.4,73.1,52.1,38.58
Black,22.1,74.4,93.7,71.56
Clay,25.1,74.9,6.9,50.67
Clay,22.0,35.4,95.9,71.66
Sandy,38.2,88.7,51.9,53.68
Red,29.8,86.7,73.9,91.98
Clay,39.1,60.8,39.7,47.49
Sandy,21.1,43.0,137.7,81.34
Clay,18.9,64.7,50.5,41.94
Laterite,30.6,51.1,109.2,88.68
Alluvial,34.2,32.6,108.1,84.03
Sandy,23.8,78.1,133.6,77.21
Loamy,20.7,59.8,19.5,46.0
Sandy,35.1,62.3,88.8,66.27
Loamy,33.1,89.7,6.9,41.43
Loamy,24.7,90.0,5.2,51.92
Alluvial,30.2,82.7,103.9,66.68
Clay,35.5,35.2,26.8,57.46
Black,36.0,80.1,13.8,56.65
Loamy,25.6,66.3,148.6,92.88
Clay,28.3,65.9,77.7,88.37
Laterite,23.4,62.1,83.3,94.72
Red,21.8,68.3,72.6,81.77
Laterite,26.2,49.3,7.0,45.98
Alluvial,36.4,36.0,63.3,92.72
Clay,35.5,45.9,111.8,71.49
Sandy,39.2,65.8,51.2,54.07
Loamy,32.0,80.2,87.9,76.26
Clay,33.6,60.9,20.7,45.32
Red,35.4,32.8,45.0,44.78
Loamy,23.2,44.5,132.4,71.23
Clay,35.8,76.4,51.6,43.68
Sandy,24.7,75.9,56.0,51.69
Red,29.4,31.6,42.2,52.12
Loamy,25.5,83.4,43.9,43.11
Clay,28.6,87.5,135.3,71.2
Clay,34.2,46.6,139.2,79.74
Sandy,35.7,88.5,26.2,52.88
Black,29.9,78.0,101.8,75.85
Sandy,25.3,56.3,21.4,57.72
Clay,24.2,57.2,67.1,71.41
Alluvial,28.4,83.8,148.6,77.58
Alluvial,29.8,36.3,21.1,12.19
Clay,24.8,37.9,43.7,54.31
Loamy,25.6,36.4,36.8,50.41
Alluvial,26.3,88.7,100.5,88.93
Alluvial,38.9,69.8,99.5,71.47
Loamy,19.8,68.0,108.2,66.87
Sandy,19.8,68.1,148.6,70.18
Sandy,23.3,34.8,45.7,41.09
Loamy,28.2,31.7,62.6,66.36
Laterite,29.2,73.1,43.3,55.14
Red,35.8,46.4,78.3,74.46
Alluvial,28.4,66.0,46.3,49.95
Clay,32.8,58.6,119.9,75.48
Sandy,35.3,40.9,43.9,51.66
Black,24.5,75.1,139.4,77.42
Loamy,25.3,36.7,128.7,73.09
Sandy,26.6,37.0,34.4,55.26
Clay,24.3,73.4,53.4,48.51
Sandy,21.3,43.4,78.8,65.15
Loamy,34.7,34.3,75.0,79.43
Red,25.3,32.3,124.8,84.61
Loamy,21.0,76.4,147.3,88.72
Black,35.6,75.6,75.1,67.25
Red,35.8,54.9,125.1,89.27
Loamy,39.5,39.2,64.8,88.21
Sandy,19.7,63.8,110.9,89.4
Alluvial,37.2,55.9,65.9,69.05
Clay,37.8,32.4,12.6,12.88
Black,22.2,80.9,114.0,69.78
Black,28.0,87.7,85.7,94.21
Sandy,27.1,43.8,102.6,70.66
Clay,39.4,47.6,112.9,94.02
Black,20.3,81.6,48.9,37.14
Black,38.9,36.6,30.7,58.48
Black,29.7,80.6,109.3,67.72
Red,29.3,42.4,85.6,78.25
Sandy,27.6,33.7,112.3,68.16
Alluvial,28.7,46.6,20.9,52.97
Clay,19.4,43.4,15.6,29.28
Red,35.3,82.9,91.2,68.68
Black,23.2,53.9,55.3,38.56
Loamy,33.8,60.6,115.1,65.02
Black,35.5,73.7,63.1,75.24
Clay,30.1,62.6,43.7,35.75
Loamy,21.1,88.7,29.1,59.39
Sandy,34.2,48.2,121.7,85.83
Alluvial,25.6,66.1,110.8,75.33
Clay,33.3,32.7,113.5,73.76
Loamy,34.4,60.4,143.1,89.69
Alluvial,23.0,34.7,25.8,50.42
Sandy,31.3,39.6,55.4,43.22
Clay,19.7,59.5,131.5,68.83
Red,24.4,42.6,132.1,92.83
Red,37.6,40.4,48.8,45.43
Clay,28.2,82.5,66.0,93.78
Loamy,36.1,79.8,72.9,83.37
Sandy,34.8,79.6,94.0,74.95
Laterite,33.5,81.2,42.2,40.42
Laterite,26.9,42.5,109.2,67.64
Laterite,29.0,86.1,41.7,38.16
Laterite,30.6,53.4,33.5,58.93
Clay,30.5,57.3,104.2,67.7
Red,33.1,61.4,72.0,87.41
Alluvial,28.5,86.5,83.8,72.87
Alluvial,30.5,65.0,70.6,73.23
Loamy,31.7,37.2,20.8,26.95
Alluvial,29.6,37.9,32.9,49.76
Red,34.1,81.9,123.0,68.86
Black,21.8,54.2,47.4,35.01
Sandy,22.1,54.3,5.6,46.14
Black,36.6,35.0,144.0,67.54
Black,30.0,55.5,114.5,88.58
Red,18.6,79.4,117.8,73.37
Clay,31.3,50.3,97.1,82.68
Black,25.6,45.6,27.5,35.44
Sandy,34.4,40.5,56.1,51.25
Red,35.5,46.6,72.6,94.76
Loamy,25.1,45.9,53.3,56.42
Laterite,26.3,63.0,10.4,42.25
Red,20.7,34.4,14.0,16.06
Loamy,26.1,68.8,108.3,74.45
Red,18.3,39.4,6.4,11.73
Laterite,32.2,30.8,31.4,45.57
Red,18.6,68.6,124.8,66.06
Laterite,28.4,86.5,14.1,49.03
Sandy,18.6,88.7,107.2,92.04
Alluvial,34.0,39.6,26.0,56.66
Loamy,28.2,84.5,147.7,81.75
Sandy,19.5,32.7,37.6,39.32
Black,22.9,82.3,85.9,84.45
Red,34.3,73.9,77.4,80.02
Red,22.5,30.1,42.8,40.47
Clay,27.8,39.4,116.2,74.36
Alluvial,18.6,80.1,113.4,86.98
Loamy,30.7,61.1,29.7,53.86
Clay,25.4,81.1,93.5,79.09
Red,21.9,32.7,146.9,94.59
Laterite,26.8,72.0,44.9,51.43
Sandy,27.7,39.5,121.5,92.39
Red,25.4,70.4,48.2,49.76
Black,30.9,88.5,106.5,73.12
Laterite,25.2,55.2,100.7,77.83
Clay,24.9,61.9,140.4,94.07
Red,39.4,49.7,143.3,90.47
Red,27.1,36.7,143.4,67.3
Laterite,29.9,70.6,69.0,68.63
Red,19.2,32.3,37.1,56.9
Alluvial,31.8,71.6,136.2,70.16
Clay,36.7,38.7,34.6,43.68
Sandy,36.9,45.4,11.2,39.07
Sandy,33.9,86.3,55.1,39.38
Clay,30.7,57.1,35.4,54.54
Laterite,20.6,73.3,65.9,85.73
Black,35.4,57.5,26.4,57.44
Alluvial,20.4,63.4,24.8,42.85
Sandy,22.1,72.3,72.7,71.4
Black,30.1,40.0,56.1,50.43
Laterite,35.3,47.3,113.6,66.32
Clay,20.2,76.9,16.5,37.34
Loamy,20.5,49.8,31.6,40.9
Sandy,28.4,74.6,40.9,58.49
Laterite,29.9,66.0,64.2,66.38
Loamy,22.2,60.2,85.4,66.0
Laterite,38.8,49.4,32.5,44.5
Clay,32.6,80.5,119.5,65.92
Sandy,30.6,70.4,116.7,94.31
Loamy,28.6,54.4,138.0,77.35
Black,28.2,34.3,125.2,68.95
Alluvial,24.8,45.7,22.2,37.96
Loamy,19.4,73.4,129.8,92.09
Black,32.5,48.0,20.2,35.26
Red,19.5,51.8,97.9,75.74
Sandy,35.7,43.7,42.8,43.66
Sandy,26.5,39.0,106.3,87.34
Laterite,32.4,48.7,19.3,52.91
Black,37.6,45.8,149.0,94.53
Loamy,22.6,43.9,70.8,89.65
Loamy,25.8,59.4,39.2,48.08
Laterite,35.9,82.2,105.9,93.22
Clay,22.2,48.1,149.5,74.77
Loamy,28.1,57.1,122.6,80.3
Sandy,39.8,52.3,114.6,70.17
Sandy,18.1,55.6,74.6,84.57
Loamy,19.8,40.0,133.5,74.99
Sandy,38.1,42.9,103.8,82.43
Loamy,22.1,50.7,149.2,76.69
Sandy,37.1,87.9,110.7,85.47
Clay,28.6,72.0,74.3,92.97
Loamy,20.6,90.0,22.9,51.52
Sandy,30.7,53.6,10.6,57.52
Sandy,39.7,70.2,110.9,86.68
Red,19.0,38.6,88.0,75.12
Laterite,20.3,86.6,141.6,90.79
Red,36.8,34.5,88.9,83.84
Clay,26.8,55.1,61.8,87.94
Alluvial,39.7,62.8,30.1,54.85
Black,32.9,85.2,53.9,57.83
Red,38.2,65.2,132.6,78.63
Alluvial,39.9,74.9,74.5,88.79
Sandy,32.3,83.0,66.7,69.06
Clay,24.2,32.4,51.5,48.2
Red,21.6,40.7,30.3,56.3
Loamy,33.6,74.5,77.9,88.82
Sandy,34.8,74.8,28.1,41.56
Red,33.1,33.7,18.5,18.32
Clay,36.7,40.7,73.1,71.8
Laterite,27.2,46.9,32.3,38.99
Loamy,33.3,34.1,25.0,48.5
Sandy,20.1,84.0,132.6,85.92
Alluvial,25.3,63.5,70.7,79.41
Laterite,38.3,39.5,29.3,42.62
Sandy,30.4,49.4,123.8,76.59
Black,35.7,41.9,35.6,42.95
Alluvial,37.4,37.1,115.1,92.1
Alluvial,30.9,35.1,12.0,21.79
Red,23.2,82.1,33.6,57.91
Laterite,23.4,47.9,90.2,78.21
Loamy,26.2,67.6,120.2,86.14
Laterite,39.1,89.2,83.3,91.79
Black,21.2,35.8,75.3,90.05
Sandy,18.7,49.0,5.5,43.44
Black,39.5,41.1,60.3,93.39
Alluvial,28.1,86.3,61.7,82.65
Clay,29.2,31.6,120.7,69.66
Black,34.9,84.9,35.4,48.39
Alluvial,33.6,52.1,63.6,79.08
Sandy,37.3,46.5,123.4,71.55
Clay,22.8,43.2,82.4,85.58
Loamy,23.4,50.4,72.7,90.86
Black,22.8,70.8,143.7,91.74
Clay,21.4,43.5,97.6,69.91
Red,29.7,80.5,82.2,74.4
Loamy,22.8,41.9,27.2,48.82
Red,18.0,85.1,43.7,53.87
Loamy,30.0,61.7,135.7,81.32
Red,38.0,73.1,10.4,59.65
Clay,18.1,70.7,73.5,73.09
Clay,28.4,45.8,55.3,54.55
Loamy,37.0,56.8,17.5,42.32
Loamy,38.1,72.1,71.8,68.61
Laterite,21.6,40.4,115.0,88.54
Sandy,34.0,80.5,96.1,83.03
Black,19.5,60.8,60.1,86.19
Alluvial,28.4,69.7,43.6,53.79
Red,25.8,54.5,91.6,93.07
Sandy,27.9,50.1,101.8,91.15
Laterite,30.6,47.3,114.6,86.93
Alluvial,22.3,47.6,119.1,90.78
Clay,35.7,33.6,67.2,68.95
Loamy,33.1,56.3,6.6,54.05
Sandy,21.1,58.5,66.9,86.6
Alluvial,35.9,37.6,116.9,65.59
Laterite,32.5,81.3,92.3,89.6
Black,31.4,62.6,140.0,76.77
Loamy,18.5,78.3,85.2,73.84
Clay,26.7,68.9,135.3,94.01
Clay,18.6,54.6,8.1,49.21
Sandy,18.4,64.9,45.7,54.22
Loamy,28.7,87.8,124.8,89.68
Loamy,31.5,30.7,92.7,93.03
Alluvial,26.9,62.9,125.7,91.75
Black,23.9,79.5,49.1,45.67
Alluvial,30.5,64.9,40.1,54.59
Laterite,19.1,40.5,69.7,78.14
Sandy,19.1,51.9,10.1,47.22
Loamy,22.1,62.3,143.2,68.77
Clay,23.6,55.6,70.1,81.51
Laterite,30.3,77.3,34.1,56.74
Black,31.3,64.1,56.3,41.44
Alluvial,28.2,56.4,128.7,88.23
Clay,19.1,88.5,96.0,70.01
Alluvial,21.6,32.3,76.0,71.6
Red,35.2,88.1,134.2,79.86
Sandy,29.6,47.2,110.0,75.28
Red,29.2,36.8,36.8,57.86
Alluvial,36.6,84.1,8.9,42.65
Black,25.9,67.4,68.5,78.7
Alluvial,37.4,37.2,84.5,66.91
Black,27.5,40.4,51.0,57.0
Black,24.5,45.0,60.2,66.49
Red,26.1,62.5,116.5,77.68
Clay,21.5,66.5,36.1,56.13
Loamy,33.0,51.8,11.9,44.49
Laterite,32.0,41.7,46.6,51.18
Sandy,34.8,75.3,41.4,49.98
Alluvial,18.9,82.4,51.8,38.62
Laterite,24.6,53.8,77.5,69.42
Sandy,31.3,56.1,86.1,94.86
Laterite,19.1,33.6,55.3,43.86
Sandy,21.8,71.2,123.5,67.11
Red,23.1,42.6,89.9,93.93
Laterite,31.1,79.1,111.2,92.66
Clay,30.8,75.0,112.6,94.66
Laterite,21.2,74.7,38.6,56.59
Black,25.3,79.9,139.0,81.09
Clay,21.0,86.3,58.0,52.47
Loamy,38.5,84.9,39.3,41.06
Red,20.1,61.7,18.1,39.67
Black,35.5,59.2,145.4,77.69
Black,20.1,62.9,97.1,90.78
Clay,21.6,56.2,87.5,82.35
Sandy,34.7,34.8,22.3,11.49
Red,22.0,86.6,43.3,42.85
Sandy,27.7,39.9,25.1,45.47
Alluvial,23.0,31.9,59.6,41.57
Black,36.6,56.6,91.9,70.77
Black,20.5,88.2,58.7,54.58
Clay,30.0,60.9,48.3,39.77
Alluvial,34.0,76.6,36.1,59.48
Alluvial,35.9,64.3,22.8,35.88
Loamy,29.1,59.5,15.5,53.53
Sandy,24.7,49.9,79.2,90.02
Clay,18.3,74.3,32.5,56.4
Clay,33.1,63.0,74.0,66.03
Sandy,33.8,75.4,145.4,84.51
Clay,34.7,86.8,109.7,86.09
Clay,36.5,68.4,147.7,69.38
Black,22.4,70.6,26.2,54.13
Laterite,37.4,78.4,21.6,49.52
Loamy,28.8,69.9,51.7,53.68
Sandy,28.5,35.2,88.0,94.58
Laterite,22.5,77.8,93.6,79.04
Red,38.5,32.0,106.4,91.09
Black,28.9,79.9,92.0,83.83
Black,30.2,86.4,138.5,90.0
Black,26.4,74.5,42.6,37.01
Laterite,21.1,44.2,98.9,77.27
Clay,30.4,67.5,115.0,91.44
Sandy,39.1,70.1,86.1,72.53
Loamy,35.3,83.9,83.4,88.0
Loamy,39.6,46.7,134.7,89.96
Loamy,34.0,87.9,33.1,56.97
Sandy,22.5,30.2,25.3,38.26
Clay,32.8,34.6,29.3,50.29
Red,33.6,65.5,119.8,89.96
Loamy,26.5,69.6,102.1,82.82
Loamy,18.4,89.1,109.2,69.61
Clay,25.3,89.9,78.7,68.99
Black,31.0,82.4,105.6,68.03
Sandy,32.0,79.5,69.0,73.1
Sandy,34.6,76.0,126.8,86.62
Sandy,21.4,65.3,141.3,80.09
Loamy,29.6,61.1,24.8,51.48
Sandy,38.2,87.9,96.1,84.35
Red,23.5,38.5,112.7,75.02
Sandy,27.1,51.0,130.5,68.72
Clay,26.8,60.5,101.4,77.5
Alluvial,38.6,72.0,127.6,91.19
Clay,29.5,74.1,19.8,38.96
Alluvial,37.0,63.1,89.4,86.02
Alluvial,20.8,75.0,51.3,51.03
Laterite,27.7,52.1,126.0,90.42
Black,21.2,68.1,46.5,45.79
Red,19.9,88.8,126.1,93.25
Alluvial,37.5,32.6,104.5,81.02
Sandy,20.2,51.6,144.1,93.57
Black,26.3,37.8,32.0,37.89
Laterite,40.0,41.2,128.0,68.02
Laterite,38.4,42.3,83.1,70.54
Laterite,30.4,43.3,52.2,38.4
Loamy,19.7,48.3,67.5,70.47
Black,20.8,80.7,15.5,50.33
Black,19.4,75.7,112.6,78.99
Sandy,30.3,37.9,27.2,59.57
Black,22.7,50.1,49.4,50.89
Alluvial,39.3,34.3,129.3,69.79
Loamy,24.4,56.8,19.4,56.13
Red,25.1,36.6,148.4,81.23
Loamy,29.1,88.0,114.6,77.02
Alluvial,30.4,42.4,90.5,91.55
Laterite,32.4,34.6,19.1,19.93
Black,35.5,41.2,78.1,65.43
Red,21.9,77.8,107.8,92.68
Red,39.5,39.8,95.5,82.54
Black,34.2,56.3,28.7,59.26
Laterite,30.4,34.0,103.1,91.07
Clay,28.1,81.5,15.4,57.2
Red,25.9,71.1,145.6,82.63
Laterite,32.9,36.3,84.9,86.25
Clay,22.0,57.1,91.5,73.54
Clay,37.7,52.1,119.6,85.12
Sandy,35.5,55.5,35.6,56.77
Alluvial,36.2,44.9,13.1,17.93
Loamy,36.4,54.3,21.1,46.74
Clay,24.9,31.6,15.9,17.71
Laterite,34.7,46.8,84.3,66.82
Black,25.8,84.1,48.8,58.52
Loamy,25.8,79.6,57.4,36.43
Black,24.8,65.0,96.6,90.38
Alluvial,19.6,45.1,33.9,47.98
Clay,35.4,43.4,128.3,88.66
Loamy,24.6,57.0,92.9,83.08
Clay,20.6,77.4,119.5,94.01
Alluvial,35.6,77.2,111.7,80.95
Red,21.7,42.1,57.7,53.96
Red,30.4,38.7,55.0,57.46
Black,38.3,60.7,17.4,55.16
Alluvial,33.7,68.9,112.7,74.02
Sandy,31.8,41.2,19.6,25.39
Clay,27.8,52.0,31.0,57.36
Alluvial,37.7,66.0,55.6,48.69
Loamy,21.6,76.0,41.1,53.6
Black,28.7,59.9,79.5,88.26
Loamy,35.1,81.3,43.9,57.51
Sandy,27.5,41.3,98.5,74.08
Black,21.2,45.3,60.3,76.68
Red,39.5,59.0,109.8,66.13
Red,33.0,37.4,73.8,79.03
Clay,30.2,51.2,9.2,52.49
Laterite,39.0,68.5,91.6,83.55
Sandy,25.7,80.7,127.9,69.57
Loamy,26.0,31.4,81.7,79.97
Clay,25.1,60.4,91.7,68.0
Red,28.4,73.5,14.8,39.53
Red,33.5,52.7,101.1,94.99
Red,31.8,60.2,32.3,54.92
Black,26.3,40.8,64.8,94.21
Laterite,30.9,42.1,143.2,69.59
Loamy,37.6,35.9,121.7,86.8
Red,21.1,67.1,126.3,91.24
Black,32.4,79.3,7.0,40.49
Laterite,38.2,86.2,139.8,79.99
Clay,18.6,41.1,133.2,80.23
Black,20.2,83.3,9.4,59.69
Red,26.9,58.9,149.5,81.25
Sandy,22.9,53.6,18.9,42.78
Laterite,29.8,78.9,143.6,91.58
Alluvial,29.2,72.0,101.1,87.3
Black,26.2,48.1,90.5,68.8
Alluvial,24.7,51.6,42.4,50.1
Black,23.9,43.7,69.8,90.74
Loamy,39.2,62.5,29.2,44.0
Clay,39.0,78.0,103.6,79.1
Red,34.5,39.8,76.7,94.57
Black,21.9,62.0,149.8,71.63
Loamy,34.1,30.2,143.2,81.32
Sandy,26.3,68.1,115.0,87.79
Clay,19.1,52.6,118.9,67.82
Clay,27.0,75.6,46.5,40.79
Red,34.5,81.8,69.7,71.47
Red,33.0,69.2,29.4,35.15
Loamy,20.9,52.0,104.4,92.95
Red,36.8,34.2,132.7,89.67
Clay,28.7,84.5,66.6,69.5
Red,27.8,80.6,43.9,57.37
Sandy,37.3,88.0,28.5,41.02
Laterite,33.4,54.5,146.7,68.64
Alluvial,24.5,44.3,111.1,82.13
Alluvial,35.5,43.7,96.0,86.55
Loamy,39.1,33.2,68.3,85.81
Red,27.6,64.4,108.7,73.65
Clay,28.1,45.6,77.6,65.0
Alluvial,20.5,68.8,9.0,53.72
Black,21.4,30.8,40.8,35.72
Sandy,26.4,85.7,132.4,94.75
Laterite,34.8,43.3,105.2,73.28
Black,18.8,69.0,117.9,86.29
Sandy,20.3,47.4,132.1,78.59
Laterite,20.3,80.6,6.9,35.37
Loamy,32.6,75.6,54.7,38.99
Clay,19.5,47.9,149.9,67.39
Alluvial,34.2,40.3,88.0,89.91
Laterite,39.3,54.4,80.2,92.07
Clay,33.1,62.5,125.0,67.24
Loamy,20.2,49.8,10.0,42.36
Red,25.4,33.9,16.4,22.3
Sandy,18.8,43.2,108.8,82.63
Red,22.5,61.1,138.8,75.04
Alluvial,28.8,72.4,5.8,38.49
Laterite,20.9,49.0,93.1,72.05
Black,39.6,51.2,103.6,81.95
Loamy,38.8,31.7,79.6,92.75
Black,22.5,53.3,133.2,65.44
Sandy,29.8,43.8,112.3,75.94
Laterite,28.5,38.7,27.6,59.86
Alluvial,31.6,65.4,141.9,74.85
Alluvial,35.1,67.4,109.8,89.23
Loamy,25.2,48.0,26.7,35.25
Sandy,37.3,75.4,128.6,90.75
Clay,36.8,62.5,57.9,49.98
Sandy,22.2,49.2,14.6,42.07
Sandy,25.0,89.2,129.9,77.02
Laterite,26.1,44.8,116.8,88.36
Black,39.4,75.2,9.5,38.45
Clay,28.7,87.1,24.5,35.59
Red,22.8,69.2,72.3,78.49
Clay,21.6,49.3,33.2,59.35
Black,19.1,35.6,23.8,16.59
Alluvial,38.9,31.9,69.2,94.07
Clay,21.2,63.6,21.3,59.19
Alluvial,29.1,75.8,107.0,90.47
Loamy,34.5,69.6,95.5,68.69
Laterite,34.1,71.7,66.0,76.38
Clay,20.6,71.4,127.8,93.02
Black,35.4,57.5,133.6,75.53
Laterite,32.8,34.0,68.8,91.42
Sandy,21.4,44.7,46.3,47.86
Alluvial,32.6,34.8,111.3,82.35
Alluvial,22.9,46.4,96.1,90.15
Black,18.7,57.6,26.5,46.58
Loamy,39.1,63.4,120.8,69.65
Alluvial,30.5,55.2,40.6,55.91
Red,33.6,80.0,125.7,83.82
Laterite,20.0,81.9,48.7,50.16
Clay,38.7,46.4,25.6,53.19
Black,22.1,69.5,43.1,57.61
Alluvial,25.2,73.8,102.7,80.98
Loamy,35.5,89.9,74.2,76.99
Alluvial,32.4,64.8,124.7,86.6
Laterite,24.9,30.7,79.6,78.03
Loamy,23.1,38.5,20.5,19.54
Loamy,20.8,38.2,21.7,19.58
Sandy,23.6,46.3,93.2,82.65
Red,22.4,71.3,142.4,81.09
Laterite,24.3,86.1,26.1,47.16
Red,37.2,41.5,107.1,85.51
Laterite,25.6,50.4,67.9,93.24
Sandy,25.5,85.0,148.6,73.8
Laterite,32.1,83.1,144.8,75.06
Red,33.7,32.0,77.8,74.49
Clay,39.1,70.9,136.1,93.5
Clay,31.5,75.1,101.6,75.38
Sandy,29.7,32.8,26.8,54.73
Alluvial,30.8,38.6,138.3,74.15
Loamy,26.8,61.3,76.5,80.53
Clay,38.5,88.3,45.9,44.54
Alluvial,22.8,68.9,45.8,40.6
Sandy,32.5,44.9,84.1,91.04
Sandy,31.2,31.1,45.4,38.65
Alluvial,25.2,70.5,24.6,47.77
Laterite,25.3,78.3,91.7,89.49
Clay,35.2,47.5,29.0,45.8
Loamy,31.5,53.5,30.6,56.63
Loamy,36.5,55.5,18.2,56.7
Black,19.2,81.7,73.2,74.12
Alluvial,20.6,86.5,26.4,47.1
Sandy,36.0,86.2,12.9,51.2
Clay,23.2,36.4,61.2,77.08
Loamy,38.9,67.9,90.6,76.9
Sandy,29.1,88.9,88.4,89.22
Red,26.4,33.1,140.1,76.64
Laterite,34.5,75.5,144.7,74.5
Black,35.2,41.4,90.0,79.61
Red,24.9,51.5,32.3,41.15
Black,24.0,82.0,149.6,80.73
Loamy,27.7,33.2,80.4,85.88
Alluvial,30.7,51.2,139.1,68.65
Sandy,28.6,81.0,107.8,77.45
Sandy,35.1,82.7,25.3,42.84
Alluvial,36.9,64.0,86.2,85.43
Black,19.9,32.8,83.0,88.42
Red,30.7,70.7,40.0,47.98
Laterite,26.2,46.6,138.3,80.01
Laterite,30.4,41.5,19.7,21.41
Black,28.1,34.1,64.2,83.03
Laterite,28.5,61.6,45.5,43.48
Alluvial,22.2,33.5,34.5,45.53
Laterite,23.9,83.2,101.3,92.28
Laterite,37.2,87.4,38.9,58.51
Clay,35.2,40.0,88.8,77.98
Red,30.4,88.2,81.2,89.19
Red,28.8,55.9,34.8,58.71
Clay,20.3,48.6,139.0,90.56
Alluvial,26.8,35.8,40.9,40.44
Sandy,36.1,70.9,61.8,78.0
Clay,36.8,59.1,51.9,35.06
Clay,29.6,56.4,77.1,90.35
Clay,19.9,63.0,9.5,52.29
Sandy,23.7,49.6,20.0,57.84
Black,34.4,75.3,9.8,52.27
Black,34.7,46.9,18.8,45.83
Red,26.5,46.1,36.5,46.12
Black,22.4,73.8,8.7,38.9
Red,38.1,89.6,70.1,78.36
Black,38.3,31.6,49.0,41.34
Sandy,34.9,47.1,71.9,71.74
Sandy,29.7,40.4,101.9,67.87
Sandy,32.8,70.4,130.3,94.88
Alluvial,38.1,86.8,142.3,81.56
Clay,32.7,83.7,27.1,44.68
Clay,20.5,71.7,26.4,49.54
Black,25.8,34.8,95.9,68.62
Red,34.0,59.0,135.3,78.39
Sandy,37.6,47.3,84.1,66.24
Red,31.0,56.4,12.2,43.59
Red,35.4,31.1,21.4,16.84
Loamy,27.3,51.8,94.7,93.22
Sandy,27.9,35.4,47.6,47.79
Laterite,30.4,45.3,136.3,80.27
Laterite,37.5,54.7,91.8,76.8
Black,22.8,67.2,103.2,88.78
Laterite,22.8,43.1,24.6,19.41
Sandy,22.6,87.5,11.7,46.52
Clay,18.7,52.2,107.0,72.26
Red,23.8,58.7,125.2,68.11
Sandy,18.5,85.6,50.9,43.53
Black,39.0,70.4,134.7,91.14
Sandy,33.3,73.7,38.7,50.97
Loamy,23.1,64.5,104.0,69.7
Black,28.7,33.5,77.2,66.72
Black,31.2,74.1,98.4,68.43
Laterite,29.7,41.0,89.4,67.14
Red,23.6,52.1,102.4,69.37
Alluvial,18.6,32.2,101.9,80.26
Black,19.2,37.6,148.1,86.34
Alluvial,23.8,75.4,135.1,90.68
Clay,36.9,65.9,118.2,77.42
Laterite,35.8,77.4,114.7,81.97
Red,19.2,35.4,63.6,91.18
Laterite,31.6,45.9,48.3,57.93
Clay,26.6,34.2,82.4,90.9
Black,36.3,44.7,125.9,73.19
Clay,26.8,79.0,41.0,55.83
Clay,23.7,42.4,14.1,17.06
Black,34.6,51.5,35.6,45.67
Alluvial,38.2,59.3,69.7,72.59
Laterite,35.9,59.7,101.1,75.46
Sandy,39.2,71.0,108.6,83.14
Alluvial,35.8,46.8,62.5,88.32
Loamy,32.9,35.9,128.1,76.95
Laterite,32.5,38.8,104.7,91.95
Loamy,32.1,55.2,23.2,37.23
Laterite,18.4,85.5,149.2,89.45
Clay,37.8,37.0,108.6,74.93
Laterite,26.7,61.5,149.0,94.08
Laterite,24.9,78.1,30.2,48.3
Clay,21.8,56.3,101.6,65.66
Clay,21.5,84.4,86.6,69.12
Sandy,18.4,33.2,118.2,65.27
Black,25.8,82.2,124.0,77.51
Sandy,27.6,61.5,132.6,78.49
Red,24.1,87.6,54.7,45.76
Red,36.6,70.2,85.4,86.9
Alluvial,39.6,82.0,146.5,77.18
Clay,20.6,74.4,31.2,42.22
Red,35.3,71.4,42.2,50.26
Clay,24.8,88.1,24.8,59.81
Sandy,23.8,46.8,41.1,47.9
Loamy,22.5,66.4,92.2,91.35
Black,26.4,45.0,116.0,76.76
Black,32.2,66.4,107.2,83.74
Loamy,38.1,66.9,42.1,57.11
Loamy,39.7,80.8,61.1,76.39
Red,21.8,34.7,148.3,70.51
Clay,35.5,37.3,119.0,94.48
Clay,26.3,30.2,38.7,58.94
Clay,35.9,58.6,25.4,52.46
Loamy,36.5,76.4,66.5,73.93
Black,39.7,30.7,21.8,12.58
Sandy,26.2,38.3,100.3,65.69
Sandy,36.5,59.8,12.6,36.02
Laterite,23.0,77.9,83.0,93.33
Loamy,37.9,73.2,95.9,77.2
Clay,29.6,42.6,64.6,70.4
Black,20.7,63.6,91.5,70.41
Alluvial,28.1,45.8,147.1,68.76
Black,35.8,35.9,116.2,87.0
Red,18.3,85.0,28.7,53.16
Sandy,35.7,53.3,116.0,83.99
Red,28.7,81.9,20.2,44.96
Black,23.9,49.8,76.2,85.11
Loamy,31.2,83.1,47.2,43.9
Clay,19.9,80.2,45.9,36.29
Clay,32.4,42.5,84.1,66.97
Loamy,21.9,63.3,15.0,45.5
Laterite,26.2,88.1,92.7,89.96
Black,39.4,53.7,67.0,73.77
Alluvial,23.9,55.9,118.9,72.56
Red,36.9,37.8,118.8,71.26
Clay,26.3,44.5,88.9,70.93
Red,22.5,54.9,61.9,65.3
Alluvial,24.8,57.1,16.4,57.32
Laterite,24.9,59.5,82.1,84.25
Black,25.6,62.6,76.2,85.15
Red,30.8,84.6,10.0,47.92
Clay,24.4,33.1,80.4,81.91
Laterite,19.7,83.4,76.3,79.54
Clay,38.2,85.3,32.1,59.21
Loamy,28.4,51.3,12.8,50.43
Alluvial,38.1,48.2,129.8,81.64
Black,33.4,85.1,6.6,43.81
Clay,21.5,50.3,140.1,79.31
Loamy,33.0,59.1,135.7,75.11
Red,27.5,80.5,100.7,87.65
Red,21.6,31.0,29.3,59.64
Loamy,35.7,79.3,80.9,66.42
Sandy,19.9,50.1,143.4,70.13
Red,24.2,82.0,109.3,67.09
Laterite,37.2,58.5,29.2,46.25
Alluvial,36.0,54.2,32.4,41.01
Clay,24.9,47.0,91.4,84.3
Loamy,37.2,48.9,14.4,48.88
Red,39.8,30.2,129.3,82.77
Clay,36.3,48.6,146.1,68.33
Alluvial,24.1,80.3,113.3,84.22
Black,18.8,85.4,47.7,53.6
Red,36.3,67.6,145.9,90.02
Loamy,32.8,32.0,108.3,85.99
Clay,36.0,62.8,103.3,94.51
Black,21.7,36.9,124.3,86.93
Red,25.1,56.9,138.8,73.19
Laterite,36.5,68.3,127.4,94.75
Alluvial,32.5,79.7,70.7,67.22
Laterite,23.5,88.1,144.7,86.32
Black,33.1,52.4,26.0,44.67
Alluvial,31.9,35.9,34.8,47.22
Sandy,34.3,87.5,113.2,66.68
Alluvial,20.6,72.6,109.8,88.18
Loamy,19.3,37.8,117.8,91.49
Red,25.9,89.4,64.6,77.29
Sandy,33.9,35.8,63.5,89.94
Red,36.6,79.8,100.3,80.77
Clay,31.1,71.7,27.6,56.96
Loamy,36.7,43.7,99.9,90.01
Sandy,21.9,40.4,68.9,65.15
Sandy,22.8,83.9,65.8,82.5
Laterite,36.6,76.0,27.0,58.4
Red,20.7,38.9,59.3,57.75
Laterite,34.4,66.2,50.3,47.96
Laterite,29.2,72.0,131.8,78.09
Red,35.7,86.2,71.6,68.93
Sandy,32.0,54.6,146.7,76.37
Sandy,27.0,56.6,148.5,91.1
Sandy,22.2,73.3,30.1,59.95
Red,22.5,33.5,132.1,73.93
Clay,23.4,66.2,83.4,85.47
Laterite,18.8,53.4,79.4,66.62
Laterite,39.1,66.2,135.9,77.32
Laterite,20.0,49.0,47.8,44.21
Clay,36.0,70.3,103.8,85.05
Loamy,25.5,53.6,55.0,42.93
Clay,32.3,51.6,141.0,65.2
Red,18.9,78.0,108.7,79.7
Black,35.6,77.5,72.7,67.89
Loamy,30.9,85.5,49.3,36.7
Red,37.8,85.1,92.1,85.25
Loamy,22.2,55.5,90.1,83.86
Clay,28.6,50.6,10.1,51.42
Black,27.9,85.2,55.2,54.46
Black,22.7,34.4,109.8,80.13
Clay,19.0,50.1,53.3,55.73
Red,31.1,84.2,94.8,71.86
Alluvial,26.2,41.2,105.3,90.74
Sandy,27.6,81.2,102.3,74.92
Clay,23.4,75.5,139.0,70.08
Loamy,37.9,76.5,12.7,48.07
Clay,39.2,50.0,48.7,48.8
Sandy,21.9,32.8,58.5,54.19
Laterite,18.5,37.9,109.6,83.14
Laterite,31.6,45.4,24.3,35.38
Sandy,23.8,63.0,120.5,93.29
Sandy,30.4,51.9,74.0,76.98
Black,31.3,48.4,141.4,79.82
Clay,23.6,39.0,26.6,51.31
Sandy,29.1,50.0,121.2,74.67
Laterite,37.9,44.8,58.4,41.8
Black,33.0,67.0,115.0,74.9
Red,28.8,56.7,114.3,66.42
Red,33.0,50.8,76.1,89.87
Black,34.4,55.0,121.2,73.93
Sandy,23.5,75.4,138.6,81.27
Sandy,28.6,47.9,118.0,67.75
Alluvial,19.0,72.0,94.9,73.36
Sandy,28.5,70.4,5.2,39.99
Black,22.3,42.3,131.5,68.78
Clay,31.4,80.4,32.9,37.53
Loamy,18.7,82.3,78.0,65.1
Black,19.5,59.6,83.8,68.4
Loamy,25.5,42.9,40.5,47.94
Sandy,19.6,77.5,118.5,81.67
Clay,18.6,75.2,62.4,89.47
Laterite,21.0,40.7,24.6,16.65
Alluvial,36.3,89.4,53.7,55.77
Laterite,18.9,62.7,126.4,76.84
Alluvial,34.7,49.2,136.8,87.91
Clay,22.2,41.1,101.3,67.09
Clay,39.0,44.1,93.4,70.75
Loamy,35.1,65.8,33.3,52.18
Sandy,25.9,65.9,24.2,51.21
Clay,31.6,46.8,24.2,47.38
Laterite,32.5,54.8,104.8,90.58
Laterite,20.3,32.9,74.0,68.74
Laterite,34.7,52.9,28.0,58.31
Clay,25.3,85.1,132.4,70.87
Red,21.3,65.2,75.7,94.76
Loamy,38.9,49.5,76.4,85.33
Loamy,32.5,87.3,119.2,73.58
Loamy,37.2,45.7,41.0,59.5
Clay,33.1,35.2,147.7,70.26
Alluvial,34.0,78.7,97.2,93.12
Sandy,25.1,84.5,85.4,88.6
Clay,28.6,80.6,120.3,86.56
Laterite,39.2,82.6,24.3,38.06
Red,23.8,64.1,140.6,76.42
Alluvial,22.5,52.1,68.3,86.66
Loamy,35.0,51.6,15.6,50.36
Laterite,34.1,82.8,77.2,85.32
Sandy,30.7,50.9,140.6,91.78
Red,35.8,64.8,124.4,76.29
Red,27.4,34.1,18.4,15.19
Alluvial,39.5,30.7,123.1,91.68
Alluvial,22.6,53.2,76.6,72.51
Loamy,21.1,68.2,149.5,84.63
Red,35.0,36.4,124.1,83.04
Clay,23.1,64.6,76.2,79.56
Loamy,39.9,34.4,61.5,89.85
Laterite,22.3,55.0,119.1,81.77
Red,23.8,83.8,78.0,72.99
Clay,26.7,80.6,127.0,67.06
Black,25.3,33.6,31.9,50.82
Sandy,31.4,82.2,91.8,81.37
Clay,25.3,54.5,35.3,36.26
Alluvial,29.1,66.6,85.7,93.0
Laterite,31.9,36.1,50.0,36.37
Loamy,35.7,70.1,24.2,39.74
Black,36.8,41.2,95.1,71.6
Red,18.6,88.7,126.1,84.5
Clay,26.7,37.5,97.8,69.07
Alluvial,33.6,89.3,120.9,91.98
Sandy,24.4,61.4,142.9,86.89
Loamy,24.0,44.7,82.7,84.06
Clay,32.6,59.3,18.7,44.19
Clay,33.0,71.4,14.4,47.88
Laterite,23.2,83.6,94.1,79.35
Sandy,23.7,65.0,103.5,93.11
Sandy,31.9,53.0,144.6,89.8
Alluvial,22.6,39.7,63.1,83.61
Loamy,31.1,75.4,57.0,57.18
Red,18.3,83.8,101.5,77.53
Sandy,22.8,64.0,59.1,40.28
Alluvial,24.2,46.7,30.0,57.1
Red,21.4,87.2,121.7,90.75
Alluvial,35.0,63.2,94.1,86.06
Clay,33.7,44.6,115.9,86.48
Sandy,38.1,64.8,82.6,78.74
Laterite,23.6,81.5,90.8,82.82
Laterite,23.5,39.7,38.2,57.52
Sandy,18.2,58.4,102.0,77.48
Loamy,30.7,47.3,80.5,79.63
Clay,32.5,62.3,6.7,59.3
Black,32.3,81.9,66.2,77.43
Alluvial,26.2,47.9,93.0,65.38
Clay,36.8,43.5,62.8,68.01
Laterite,21.9,86.1,93.8,86.03
Black,29.2,65.8,115.5,85.19
Loamy,24.3,42.1,105.8,94.2
Laterite,22.2,30.6,125.3,84.42
Clay,29.7,48.2,91.0,80.02
Loamy,23.0,81.6,68.5,70.11
Red,36.8,67.7,60.9,80.1
Clay,18.7,50.2,69.0,80.8
Black,35.7,50.4,94.6,91.9
Sandy,22.9,37.0,120.7,86.97
Black,32.0,63.2,44.3,43.17
Alluvial,27.2,33.1,121.4,67.34
Sandy,18.6,36.5,119.3,85.21
Laterite,38.8,62.4,46.2,46.37
Black,27.5,40.3,27.5,43.46
Laterite,18.1,79.2,28.8,45.03
Clay,36.6,57.2,102.2,81.98
Clay,20.5,48.9,13.2,38.65
Red,36.0,85.6,132.1,80.29
Loamy,32.1,33.5,33.1,52.81
Clay,32.9,50.1,114.1,92.58
Laterite,32.5,30.5,149.4,69.57
Clay,35.5,84.3,11.5,54.98
Red,30.2,69.4,82.3,78.72
Clay,34.7,74.1,26.9,42.44
Black,19.9,33.3,82.6,70.99
Red,26.9,42.8,95.7,73.74
Black,25.3,42.9,91.8,74.43
Sandy,36.7,59.2,92.2,87.01
Loamy,28.3,50.1,108.8,74.96
Sandy,18.5,37.4,21.2,24.18
Alluvial,39.5,35.8,68.5,76.06
Clay,33.4,49.1,45.3,37.22
Black,39.0,85.2,29.1,35.18
Black,38.3,75.8,79.6,77.19
Red,30.1,46.8,19.2,57.27
Sandy,37.8,48.0,72.5,75.51
Loamy,32.3,40.7,122.8,80.16
Loamy,35.8,80.9,83.6,66.82
Sandy,27.9,82.5,79.1,66.73
Alluvial,37.3,31.1,112.9,77.44
Black,18.0,59.5,136.8,76.06
Red,31.3,38.0,21.5,20.18
Clay,31.6,42.5,87.6,68.14
Clay,26.3,63.9,7.4,59.85
Alluvial,38.4,30.5,92.3,83.98
Loamy,20.8,41.5,13.1,27.81
Red,39.7,66.3,44.9,58.74
Red,27.7,47.8,94.1,68.82
Sandy,36.4,61.2,36.2,46.53
Alluvial,27.2,63.3,83.5,68.29
Black,22.5,53.9,61.0,87.07
Black,23.8,85.9,100.7,79.82
Black,25.4,76.0,132.9,83.48
Clay,38.1,66.9,110.7,73.56
Loamy,32.1,54.0,122.4,72.31
Clay,34.0,36.0,57.5,45.63
Clay,37.1,49.3,113.0,94.34
Clay,36.0,79.1,36.6,57.36
Red,19.2,77.1,90.1,89.57
Alluvial,37.7,72.3,14.1,39.42
Clay,18.7,53.3,122.3,70.17
Loamy,33.4,42.3,113.4,67.87
Laterite,19.0,51.0,123.8,71.77
Red,39.7,69.3,117.2,71.51
Black,31.1,30.2,27.3,49.64
Clay,38.6,86.2,66.6,91.64
Alluvial,18.6,80.9,115.6,78.06
Sandy,34.4,64.4,147.7,88.49
Loamy,29.9,36.5,8.9,27.01
Alluvial,39.9,82.6,68.4,76.34
Sandy,18.3,43.6,136.7,77.84
Clay,34.6,46.8,102.8,83.9
Black,23.4,62.8,23.2,48.09
Sandy,19.4,47.8,15.9,41.95
Laterite,38.2,57.1,108.1,92.84
Loamy,31.8,30.7,122.1,85.38
Clay,30.0,33.1,20.1,21.68
Laterite,28.8,45.9,94.7,83.7
Black,22.5,34.3,28.1,48.53
Clay,22.0,35.9,102.4,87.67
Red,36.3,70.6,125.6,94.28
Sandy,39.4,66.7,84.9,73.84
Alluvial,20.8,80.3,29.4,48.61
Loamy,28.5,57.9,117.4,91.98
Black,23.3,76.7,91.4,65.17
Red,39.0,64.9,140.3,84.81
Red,38.7,84.0,79.9,77.29
Clay,39.2,55.8,122.9,86.41
Red,23.5,52.2,39.9,54.97
Clay,34.8,84.9,35.6,43.02
Red,33.8,38.1,86.9,90.72
Red,39.0,55.7,29.6,49.88
Red,30.6,44.5,95.1,69.91
Red,34.7,60.4,142.4,67.07
Red,18.6,33.4,118.5,71.75
Alluvial,36.2,69.3,34.3,46.13
Alluvial,27.2,76.3,145.7,77.67
Black,22.8,84.8,75.2,73.26
Sandy,29.1,57.7,64.1,94.4
Laterite,31.2,80.8,143.4,67.6
Red,29.7,76.8,43.7,55.8
Black,20.6,35.9,106.5,93.69
Alluvial,27.3,85.8,130.4,86.24
Laterite,28.8,34.3,41.2,36.55
Loamy,18.4,83.6,84.0,85.14
Clay,25.6,75.8,67.7,75.01
Black,23.7,63.1,83.2,77.74
Loamy,36.7,35.2,42.7,43.77
Black,35.4,31.0,22.8,26.77
Red,31.0,84.9,68.2,81.33
Laterite,19.9,44.1,114.9,71.57
Red,33.6,65.6,121.7,89.24
Clay,19.3,81.5,113.7,79.96
Sandy,18.0,60.3,72.4,86.92
Red,36.9,88.6,55.7,37.27
Red,24.9,74.0,40.2,42.99
Sandy,39.1,50.5,42.7,47.75
Alluvial,19.7,54.4,99.5,79.25
Red,34.9,68.4,108.9,91.15
Clay,29.9,33.3,43.3,49.43
Laterite,26.7,56.8,107.6,66.35
Loamy,18.1,64.9,19.9,37.48
Black,33.9,37.7,117.0,65.64
Red,35.3,46.9,149.7,90.27
Sandy,37.5,36.8,28.7,36.36
Loamy,29.4,50.7,133.7,69.02
Alluvial,21.1,31.4,42.8,59.52
Red,20.1,80.0,52.1,46.38
Clay,35.5,51.5,119.2,92.85
Clay,22.4,64.3,61.2,68.63
Laterite,20.2,30.3,107.5,76.16
Clay,30.5,46.1,84.7,81.73
Red,31.7,38.7,36.3,55.3
Black,37.5,54.4,135.1,93.43
Loamy,39.0,40.8,127.6,72.81
Alluvial,26.0,74.1,119.6,86.94
Sandy,24.6,65.5,58.3,46.92
Sandy,29.8,49.3,84.8,78.44
Sandy,33.5,84.8,36.1,39.79
Laterite,32.6,56.7,92.7,76.68
Sandy,19.3,64.3,103.9,93.79
Laterite,26.4,63.2,100.6,92.94
Black,34.4,32.6,39.3,36.32
Black,18.0,45.9,60.7,78.02
Clay,20.5,59.4,39.3,35.03
Black,25.4,89.0,34.6,41.64
Sandy,38.1,52.1,36.1,40.19
Alluvial,20.1,46.3,74.1,65.05
Sandy,29.4,77.1,123.0,73.67
Alluvial,34.7,76.0,97.1,87.9
Alluvial,22.2,60.9,9.0,56.27
Black,37.4,76.4,33.4,49.13
Sandy,28.3,81.3,113.5,86.03
Loamy,33.9,63.9,105.0,66.52
Laterite,24.6,55.7,119.2,78.83
Laterite,38.4,30.6,74.6,68.68
Loamy,20.7,58.1,62.3,74.62
Black,32.5,55.1,46.1,40.45
Alluvial,39.1,50.1,148.6,81.54
Sandy,39.4,54.6,143.7,86.38
Red,37.1,78.1,138.3,75.83
Laterite,38.6,88.4,13.6,40.02
Clay,35.8,41.4,138.6,68.63
Sandy,38.7,67.4,6.1,51.57
Black,32.9,87.6,38.8,54.99
Clay,30.2,61.0,89.2,87.19
Black,38.8,40.4,55.7,37.13
Red,26.3,67.1,56.5,59.14
Sandy,25.9,72.1,64.1,75.36
Clay,21.9,30.5,143.4,69.44
Laterite,35.3,60.3,145.6,90.27
Clay,25.6,73.5,95.1,77.95
Alluvial,30.0,64.4,61.5,71.08
Red,21.5,30.6,95.6,84.44
Loamy,25.5,64.5,66.6,70.07
Red,31.4,81.4,79.2,77.05
Clay,21.3,50.5,133.6,87.73
Clay,19.9,62.1,99.1,80.87
Sandy,22.9,30.4,46.7,59.76
Black,21.7,81.7,149.4,75.74
Black,31.8,36.9,15.1,24.61
Sandy,39.5,56.1,44.3,50.94
Alluvial,39.9,88.9,51.6,38.02
Red,30.3,43.5,96.4,94.51
Black,30.1,34.1,41.8,49.1
Sandy,35.2,54.5,98.9,71.34
Laterite,33.8,59.2,46.9,54.15
Loamy,28.4,52.7,50.3,49.87
Loamy,20.8,80.9,87.2,74.64
Laterite,18.9,54.6,10.8,53.96
Red,36.9,67.8,71.0,75.83
Red,26.9,42.7,51.4,48.49
Black,26.7,89.8,129.0,74.79
Alluvial,23.3,84.1,127.4,75.66
Laterite,31.5,70.3,112.1,92.28
Black,25.6,60.4,115.4,84.0
Clay,31.1,53.1,138.7,87.1
Black,33.2,36.2,19.3,22.29
Alluvial,28.8,47.3,60.6,82.28
Clay,39.0,59.1,97.5,66.99
Clay,38.0,46.0,14.0,52.25
Black,37.7,31.7,149.4,82.83
Loamy,37.2,89.5,147.2,82.2
Sandy,39.3,42.6,78.1,83.21
Laterite,32.8,70.1,127.8,87.48
Clay,29.9,53.3,57.2,56.42
Laterite,37.6,70.4,136.7,75.73
Sandy,29.7,68.6,69.4,69.25
Laterite,31.9,75.9,5.6,35.31
Clay,19.9,60.4,29.0,44.29
Alluvial,23.0,57.5,24.1,55.65
Laterite,25.6,46.2,77.8,76.24
Laterite,25.4,86.2,100.7,92.68
Red,21.4,30.3,95.7,70.28
Laterite,20.9,77.2,60.4,76.37
Sandy,25.8,64.3,67.5,77.04
Alluvial,24.0,89.6,84.9,79.41
Red,38.8,61.6,72.5,86.47
Clay,28.5,68.1,26.3,57.44
Sandy,29.2,34.7,76.5,92.45
Loamy,28.4,87.0,99.4,78.0
Clay,20.5,49.2,60.7,79.37
Red,18.4,41.4,64.8,76.67
Clay,30.5,69.3,16.0,50.15
Sandy,37.6,31.8,113.6,92.85
Alluvial,24.8,60.6,35.3,49.85
Loamy,31.4,59.8,43.0,37.81
Black,21.7,59.2,118.9,71.63
Clay,21.6,57.3,81.5,80.34
Red,36.7,70.0,30.0,35.18
Black,25.7,34.5,144.3,92.26
Red,20.5,64.3,82.7,90.55
Laterite,35.5,87.9,118.6,67.67
Clay,18.5,75.1,104.8,83.49
Clay,27.4,55.4,13.8,54.23
Alluvial,18.6,87.3,51.8,45.93
Laterite,27.3,50.8,140.1,83.4
Clay,24.6,62.7,93.7,83.87
Sandy,31.5,79.7,118.5,93.01
Alluvial,36.8,77.8,54.8,51.24
Alluvial,34.8,54.8,22.9,56.49
Laterite,26.0,56.6,94.5,82.66
Black,23.3,35.0,107.7,94.94
Alluvial,27.9,78.1,20.9,50.93
Laterite,35.2,84.0,16.7,39.94
Loamy,24.6,83.9,81.0,93.78
Alluvial,38.8,63.0,17.2,42.23
Black,25.1,65.6,113.5,83.37
Sandy,37.1,60.0,126.6,92.37
Loamy,40.0,86.9,34.6,48.3
Alluvial,39.3,74.6,27.5,55.73
Sandy,24.0,71.5,5.9,59.75
Loamy,35.6,58.3,16.4,48.42
Alluvial,20.9,36.9,118.4,84.71
Sandy,20.8,54.1,104.5,78.24
Black,18.7,30.3,35.1,43.39
Alluvial,21.1,50.0,62.3,66.42
Clay,40.0,70.3,67.7,72.29
Red,31.0,38.6,141.3,88.36
Loamy,39.2,31.3,7.9,23.62
Sandy,30.5,89.6,123.3,89.04
Laterite,27.8,76.3,79.9,65.57
Clay,23.6,44.1,63.0,81.25
Sandy,38.7,35.9,124.9,67.02
Clay,36.0,49.2,109.6,75.79
Black,29.2,81.8,28.8,52.79
Laterite,25.0,35.1,100.1,74.13
Alluvial,22.7,49.7,139.5,80.23
Sandy,28.7,85.0,40.6,51.76
Black,29.9,83.0,29.4,56.07
Clay,27.6,49.0,20.9,39.21
Sandy,25.9,84.4,102.6,65.47
Clay,37.9,77.7,65.5,94.48
Laterite,22.0,85.0,113.8,89.03
Sandy,24.3,58.2,137.4,92.89
Clay,23.9,73.1,28.1,35.06
Clay,21.7,85.8,41.0,43.12
Clay,37.4,81.2,146.8,79.8
Alluvial,35.1,78.5,136.7,89.12
Sandy,27.5,33.0,55.4,53.59
Red,20.7,32.9,96.2,74.2
Laterite,18.5,48.5,102.3,78.08
Black,23.1,76.2,40.3,53.81
Laterite,37.5,41.7,80.2,78.06
Alluvial,39.9,88.7,81.1,88.61
Black,35.2,46.1,48.2,48.91
Loamy,36.9,76.6,131.4,66.08
Loamy,22.5,37.9,120.3,91.2
Sandy,35.6,82.4,93.0,83.6
Alluvial,37.8,45.7,29.3,47.15
Red,33.6,84.3,111.9,67.46
Alluvial,24.9,60.1,45.1,40.79
Laterite,22.7,71.1,38.0,49.25
Black,18.2,63.7,51.4,56.9
Laterite,21.6,74.5,10.7,57.66
Clay,30.7,54.3,52.3,37.6
Clay,18.3,50.1,126.6,84.31
Sandy,39.5,85.8,127.2,75.23
Sandy,33.9,30.8,37.3,40.09
Laterite,18.6,72.2,126.4,78.07
Sandy,37.4,41.3,41.4,52.28
Loamy,23.0,71.1,75.7,88.39
Clay,26.7,58.2,86.5,75.05
Clay,30.9,55.3,43.3,57.87
Clay,27.8,52.6,92.9,78.98
Loamy,25.7,58.6,95.4,66.41
Black,20.2,85.2,78.3,94.77
Black,25.0,30.4,41.7,36.68
Laterite,27.9,52.9,110.4,89.93
Loamy,22.9,50.8,114.1,69.05
Sandy,32.9,35.1,97.5,72.97
Sandy,29.4,35.0,128.9,86.07
Laterite,38.0,69.6,21.0,51.04
Sandy,28.7,81.2,122.0,74.73
Alluvial,30.1,34.2,116.2,82.97
Red,33.3,89.6,67.6,71.59
Sandy,38.2,71.1,45.9,50.4
Black,37.9,43.0,20.2,11.46
Loamy,31.8,82.8,34.7,35.99
Loamy,25.9,53.4,123.0,82.51
Laterite,34.4,60.7,19.5,54.9
Alluvial,24.3,63.4,146.2,71.46
Alluvial,19.7,55.8,126.4,74.61
Loamy,22.7,39.7,146.8,83.73
Loamy,35.6,78.8,61.6,70.16
Loamy,29.9,71.6,15.9,42.18
Black,38.5,76.2,56.4,43.77
Loamy,37.2,62.7,50.4,41.89
Red,23.0,53.8,147.7,78.11
Black,36.5,70.0,105.1,86.24
Laterite,27.4,88.8,67.3,88.4
Red,39.8,59.9,15.0,54.92
Laterite,39.1,56.9,95.7,91.05
Clay,19.3,54.4,6.3,46.14
Red,20.7,88.5,76.7,93.08
Sandy,21.0,62.6,144.9,91.65
Clay,24.0,51.8,100.0,67.37
Loamy,23.2,33.7,62.5,78.16
Alluvial,32.0,85.6,113.0,85.51
Loamy,23.6,43.1,122.2,92.18
Black,21.4,78.8,33.9,48.51
Laterite,39.2,84.2,17.9,54.28
Alluvial,20.2,57.3,130.9,70.39
Loamy,30.9,35.9,41.0,35.06
Loamy,29.2,59.1,114.0,65.83
Alluvial,35.7,58.3,58.5,42.86
Black,19.2,82.8,71.6,89.52
Red,25.6,83.0,8.6,59.46
Clay,20.1,59.6,31.3,56.31
Alluvial,39.2,56.3,123.1,83.24
Black,32.1,45.2,32.5,56.82
Alluvial,36.1,30.0,59.5,35.57
Alluvial,32.7,40.2,148.2,94.76
Clay,39.3,46.7,136.6,76.95
Alluvial,39.0,37.7,108.3,91.07
Black,32.0,57.8,93.9,79.27
Loamy,29.1,74.4,36.3,48.55
Laterite,33.0,84.3,122.1,90.92
Clay,20.2,48.5,143.7,84.61
Loamy,26.2,72.0,16.6,40.04
Black,23.9,39.9,5.6,12.3
Sandy,29.0,39.2,112.7,69.98
Red,29.6,34.1,65.6,81.67
Loamy,22.0,62.3,53.9,43.85
Clay,24.4,38.8,18.6,26.89
Laterite,35.1,30.2,115.5,92.22
Red,23.6,67.5,57.5,42.26
Clay,29.7,33.4,14.6,21.36
Loamy,23.6,45.2,44.3,53.64
Alluvial,38.2,86.8,29.2,45.55
Black,37.5,33.8,24.2,18.06
Red,25.7,72.8,32.5,50.28
Red,33.5,47.2,46.0,35.02
Clay,21.1,45.9,107.7,78.26
Red,27.5,71.5,28.5,40.86
Clay,19.7,82.6,132.2,88.0
Laterite,33.8,88.4,93.0,71.54
Red,23.6,35.7,43.3,47.49
Clay,30.6,48.5,118.0,74.94
Sandy,33.2,69.2,55.8,53.14
Alluvial,39.0,86.2,85.5,65.86
Clay,32.6,78.1,129.6,79.18
Loamy,19.8,65.9,40.9,52.69
Clay,28.3,37.5,5.8,24.08
Sandy,20.6,39.9,130.0,94.15
Black,33.0,42.3,22.7,21.62
Alluvial,26.4,62.8,19.8,50.75
Alluvial,21.8,46.2,71.5,82.67
Clay,30.0,49.0,72.2,88.2
Laterite,39.9,46.0,112.7,80.45
Laterite,37.5,56.7,30.7,38.7
Red,20.0,65.3,70.2,88.88
Black,27.6,87.6,97.6,86.26
Loamy,38.3,76.9,11.7,41.36
Clay,33.2,64.4,108.6,72.39
Sandy,32.6,58.2,54.1,41.47
Sandy,18.8,77.0,142.6,92.09
Red,32.6,35.0,75.5,93.97
Loamy,34.4,49.3,125.8,93.61
Black,38.1,66.5,106.8,78.21
Black,35.1,71.7,105.3,70.99
Loamy,26.4,64.0,21.6,48.68
Alluvial,37.2,71.7,59.9,47.72
Red,32.6,47.5,36.0,38.4
Red,26.5,75.5,123.2,74.99
Red,30.7,88.0,63.5,94.58
Black,33.3,56.3,47.6,35.4
Laterite,25.0,32.4,141.1,70.83
Loamy,28.3,67.5,149.7,74.7
Red,38.3,43.9,86.3,78.31
Black,20.8,31.5,136.3,76.62
Alluvial,32.8,52.1,19.1,44.72
Clay,20.4,41.6,10.4,25.82
Red,36.5,37.6,70.4,86.34
Loamy,37.5,44.3,93.7,93.58
Alluvial,18.3,67.4,144.4,74.64
Alluvial,32.3,35.6,133.5,73.52
Laterite,29.5,67.2,128.8,94.79
Laterite,31.0,38.5,7.4,13.09
Red,21.0,60.5,11.3,48.67
Clay,24.6,34.4,27.8,51.26
Red,36.4,33.4,96.0,80.92
Alluvial,23.9,33.0,121.2,93.88
Sandy,20.2,55.8,84.9,73.59
Red,30.2,71.2,17.9,57.86
Loamy,33.9,66.2,5.3,57.44
Black,37.3,47.5,120.9,79.58
Black,39.1,77.2,123.9,72.28
Red,38.4,48.1,86.1,77.69
Laterite,23.0,49.2,146.3,91.39
Laterite,20.9,40.4,95.0,68.6
Loamy,35.1,56.4,73.2,85.77
Red,35.0,46.7,50.2,48.61
Laterite,34.8,60.8,149.6,83.89
Black,36.6,45.8,74.5,66.08
Alluvial,26.8,58.1,92.5,85.07
Red,37.3,85.8,53.2,54.35
Clay,29.9,41.8,116.9,83.2
Loamy,39.6,47.6,57.4,53.03
Alluvial,30.0,85.3,50.8,46.01
Black,30.5,41.1,103.1,78.27
Laterite,37.1,37.2,27.2,56.09
Red,29.9,85.3,34.1,35.21
Loamy,25.6,62.9,27.3,48.56
Red,24.8,55.6,111.7,82.08
Sandy,19.8,64.6,17.4,57.8
Loamy,28.5,35.9,38.0,47.45
Red,34.8,79.9,17.6,38.75
Alluvial,20.6,65.6,87.8,69.64
Black,37.3,76.8,126.3,65.35
Clay,25.5,49.0,24.3,41.82
Black,24.7,83.2,130.4,81.81
Loamy,18.9,79.1,50.3,50.54
Black,34.2,43.7,92.9,84.27
Loamy,20.4,57.4,66.9,74.47
Red,33.8,32.6,86.0,81.28
Clay,24.9,87.0,147.8,72.41
Sandy,32.7,87.9,61.1,91.8
Sandy,21.5,81.5,60.6,86.6
Black,40.0,75.7,45.0,50.1
Loamy,20.5,50.7,27.7,47.31
Clay,36.3,81.7,8.9,44.36
Sandy,36.1,58.3,84.8,68.44
Loamy,26.7,89.6,89.1,78.07
Black,26.2,59.9,63.1,92.81
Laterite,19.1,71.8,40.3,40.7
Clay,35.4,51.2,121.1,91.61
Laterite,35.5,64.0,96.8,79.36
Red,19.8,72.5,55.3,41.44
Laterite,22.2,48.4,108.6,89.35
Red,26.3,62.8,125.4,91.95
Red,26.3,39.4,90.9,80.14
Black,32.7,83.6,104.5,67.08
Alluvial,26.7,61.9,65.9,74.51
Loamy,28.7,53.9,122.7,68.88
Sandy,34.7,30.3,23.1,18.86
Black,26.8,31.3,107.6,71.71
Black,27.1,53.8,76.8,66.89
Red,34.6,88.8,129.6,87.8
Black,39.8,44.8,111.3,86.06
Black,26.0,56.9,53.1,54.6
Red,19.7,87.7,148.7,70.44
Sandy,22.2,68.6,63.3,77.84
Clay,33.2,79.5,50.3,47.29
Sandy,34.5,70.0,118.0,65.98
Clay,23.3,49.1,57.1,41.41
Clay,21.2,85.6,14.3,36.33
Black,30.3,73.3,141.4,69.95
Loamy,35.9,73.8,89.7,87.11
Alluvial,36.4,57.2,88.7,83.39
Loamy,31.9,65.7,51.2,35.97
Clay,32.4,62.9,130.9,72.88
Red,18.5,49.1,72.8,78.3
Clay,35.8,64.0,39.8,39.14
Loamy,27.9,66.7,72.7,87.51
Clay,24.2,74.6,30.8,42.16
Clay,20.2,75.1,64.8,74.32
Sandy,33.9,38.8,117.5,76.42
Black,28.3,50.6,34.1,37.42
Black,28.9,49.3,11.1,58.77
Sandy,30.5,65.8,84.5,70.52
Black,27.4,64.9,97.2,70.95
Laterite,35.4,89.2,60.9,69.84
Clay,31.5,78.7,97.9,69.7
Red,31.0,46.9,71.3,90.14
Red,22.2,87.0,86.0,83.47
Alluvial,28.4,58.3,12.3,56.04
Alluvial,20.4,73.8,114.0,88.42
Alluvial,18.3,81.8,77.9,68.67
Laterite,33.3,55.0,84.4,94.25
Loamy,34.6,66.9,22.1,54.48
Red,39.9,52.9,48.6,59.94
Laterite,35.4,80.0,45.7,46.81
Sandy,29.4,63.0,45.2,55.58
Sandy,27.8,38.3,108.0,89.6
Red,24.6,85.4,148.9,85.01
Laterite,34.5,62.6,33.9,55.31
Clay,24.4,62.1,136.5,92.78
Laterite,29.9,67.4,131.8,89.32
Sandy,35.3,83.5,63.1,68.52
Sandy,22.7,43.9,114.7,82.07
Sandy,36.0,88.3,61.8,78.07
Sandy,26.0,42.8,60.5,91.84
Laterite,24.2,59.5,77.1,68.07
Laterite,18.7,30.1,10.2,28.76
Black,24.8,42.2,59.4,47.25
Alluvial,30.9,47.3,104.4,87.84
Clay,33.1,66.6,56.5,35.44
Black,35.9,33.5,141.0,89.53
Alluvial,33.6,53.4,8.1,35.8
Alluvial,25.9,54.3,6.3,55.01
Clay,30.0,60.8,29.7,53.79
Red,20.1,57.5,42.1,52.79
Red,26.1,89.3,65.9,78.65
Loamy,30.8,48.0,21.6,56.21
Alluvial,38.9,60.7,94.2,71.17
Red,26.8,50.3,60.0,84.63
Red,33.0,46.4,130.6,65.87
Alluvial,20.4,64.3,33.9,38.5
Clay,34.6,34.3,14.8,26.85
Loamy,36.6,53.0,88.4,72.49
Loamy,35.3,62.2,24.1,39.73
Loamy,21.1,65.6,140.5,71.76
Red,28.6,63.9,57.6,51.48
Black,27.0,79.8,27.5,57.14
Alluvial,31.0,83.1,100.8,67.1
Alluvial,20.4,39.5,78.3,83.99
Loamy,39.4,87.7,79.4,83.27
Alluvial,28.7,64.9,81.4,93.86
Sandy,34.9,79.0,41.8,40.34
Loamy,28.5,79.0,105.9,83.03
Black,22.7,88.1,134.4,89.38
Laterite,25.2,58.9,55.7,48.47
Red,34.1,73.9,85.8,84.8
Sandy,30.9,80.8,7.2,47.78
Laterite,37.4,74.7,50.6,50.51
Sandy,28.5,47.8,55.9,49.04
Sandy,33.5,73.0,104.2,93.37
Clay,19.2,40.6,100.2,94.87
Alluvial,21.6,84.4,117.0,81.45
Laterite,20.4,52.4,55.9,37.44
Loamy,18.9,75.2,57.7,57.07
Alluvial,31.1,86.9,48.3,39.47
Sandy,22.2,38.9,139.0,87.61
Loamy,24.1,41.1,51.1,58.27
Laterite,39.6,85.9,14.9,51.95
Sandy,32.7,70.9,99.5,81.06
Loamy,34.3,51.5,34.3,58.4
Alluvial,29.2,33.1,31.9,46.18
Sandy,26.0,70.0,142.8,70.86
Red,22.1,46.2,44.9,56.22
Red,36.0,48.8,75.0,73.46
Black,37.4,88.2,92.1,90.55
Laterite,34.8,88.7,14.0,56.6
Alluvial,20.1,40.4,48.4,51.08
Sandy,29.7,45.0,74.2,69.38
Alluvial,36.7,69.4,6.9,50.11
Alluvial,29.9,80.7,114.7,76.13
Black,18.6,87.1,41.7,36.16
Red,21.6,37.3,69.2,77.1
Red,32.8,80.5,17.9,41.66
Sandy,33.6,85.8,33.4,38.44
Black,28.7,84.7,39.9,56.84
Alluvial,28.1,88.6,117.3,83.9
Red,31.7,62.4,135.0,65.42
Loamy,19.8,88.5,29.5,36.14
Black,39.1,60.5,76.0,72.72
Red,22.9,83.7,37.0,45.76
Black,38.2,88.6,147.0,94.64
Alluvial,28.2,43.9,95.3,81.49
Laterite,30.3,34.5,29.6,50.29
Clay,21.1,34.3,58.5,48.17
Red,25.1,32.5,118.3,89.82
Laterite,39.8,68.3,27.8,35.85
Sandy,28.7,53.3,112.5,91.38
Loamy,28.7,84.5,89.9,92.9
Red,37.5,32.3,90.9,77.59
Alluvial,23.7,77.9,145.7,93.68
Red,19.0,67.0,114.0,91.95
Laterite,34.6,32.9,123.3,77.32
Red,36.6,80.3,108.2,88.16
Red,32.6,84.5,13.3,49.68
Alluvial,36.3,71.4,73.8,86.54
Clay,31.0,78.7,67.6,68.37
Clay,27.9,53.4,60.3,93.71
Black,30.1,47.4,30.9,38.41
Black,22.4,41.6,15.6,26.98
Clay,29.2,51.8,49.1,45.07
Clay,26.4,52.3,6.5,35.03
Sandy,25.8,38.5,138.2,79.44
Black,34.0,83.8,112.0,84.21
Loamy,31.5,62.0,110.4,94.79
Red,22.7,83.7,110.0,67.32
Clay,27.3,58.2,46.4,46.85
Alluvial,24.7,47.7,91.8,69.91
Red,29.7,42.4,46.7,39.15
Clay,26.1,43.8,102.5,83.95
Black,21.2,71.5,51.6,36.27
Laterite,29.4,77.6,75.9,67.48
Loamy,35.5,64.3,58.2,47.92
Alluvial,30.0,51.0,90.6,86.61
Black,32.2,62.6,23.1,35.36
Clay,23.2,80.5,10.9,55.25
Black,30.0,33.3,18.6,29.8
Clay,32.1,76.2,60.7,87.11
Clay,36.3,63.2,34.0,43.36
Laterite,23.3,87.6,25.8,52.57
Black,39.9,49.6,133.2,71.48
Loamy,27.9,68.9,25.0,55.08
Laterite,28.7,80.9,22.0,44.62
Sandy,29.0,41.7,102.3,74.68
Alluvial,27.8,74.8,94.7,69.54
Alluvial,38.8,44.2,83.0,86.9
Black,32.2,73.5,92.9,72.23
Alluvial,38.8,42.7,147.5,84.76
Loamy,21.4,64.8,40.5,58.36
Black,29.0,71.0,142.4,73.49
Red,39.7,73.7,88.1,86.59
Loamy,21.1,89.0,115.3,86.28
Loamy,35.3,63.3,60.9,76.67
Alluvial,35.4,80.4,54.4,45.4
Clay,18.4,56.8,121.4,70.68
Black,20.6,45.2,140.2,81.34
Loamy,22.4,64.2,32.6,49.93
Black,18.3,78.4,87.9,76.85
Clay,31.9,72.6,27.6,55.16
Black,33.7,74.5,73.4,71.47
Sandy,29.3,39.0,140.6,89.15
Loamy,26.1,54.4,17.4,53.73
Alluvial,28.8,35.2,43.6,39.65
Loamy,25.0,77.8,16.5,36.88
Black,39.8,56.7,58.3,48.1
Clay,31.7,66.0,33.2,44.76
Sandy,32.8,64.9,123.7,88.61
Laterite,40.0,39.1,40.5,59.61
Loamy,18.8,45.0,122.7,92.5
Red,39.2,84.0,20.4,48.44
Alluvial,29.7,82.2,17.7,44.16
Sandy,25.1,45.2,63.6,94.12
Laterite,28.8,87.2,122.0,82.99
Alluvial,18.8,62.5,34.3,53.89
Red,34.8,73.4,30.5,36.85
Black,22.0,74.3,95.4,83.57
Clay,24.2,59.7,97.3,80.16
Sandy,27.0,49.6,84.5,89.74
Sandy,20.5,45.4,41.8,50.44
Loamy,35.4,88.9,112.8,91.05
Alluvial,26.3,42.4,84.7,82.34
Laterite,39.6,59.8,49.1,57.75
Laterite,33.8,38.8,93.6,81.15
Black,24.2,42.3,133.7,87.43
Laterite,29.7,61.3,50.8,51.04
Red,24.0,85.4,108.9,81.75
Loamy,34.5,73.9,127.1,73.8
Laterite,24.2,80.9,108.1,81.76
Red,21.1,80.2,43.1,37.78
Laterite,21.5,86.2,96.7,71.66
Sandy,30.3,46.3,121.8,71.56
Black,36.9,53.7,46.2,36.94
Sandy,22.0,82.3,135.7,82.63
Sandy,26.4,55.6,73.1,66.89
Laterite,21.6,61.6,5.1,38.07
Sandy,28.8,49.2,35.1,49.48
Black,30.2,68.0,74.3,65.53
Black,24.9,38.9,44.9,35.95
Clay,28.7,47.7,119.8,72.59
Sandy,23.6,66.4,67.7,77.63
Laterite,24.8,36.6,135.7,65.27
Sandy,20.7,43.9,63.2,93.01
Loamy,18.6,57.5,44.4,49.94
Alluvial,19.4,71.6,49.4,59.23
Black,23.6,87.8,35.0,58.22
Black,23.3,86.1,20.4,36.7
Red,32.3,58.9,57.7,42.21
Laterite,18.3,52.6,103.4,66.84
Black,20.7,34.2,120.9,66.61
Laterite,33.8,35.0,45.6,57.56
Loamy,20.6,54.4,132.8,79.66
Black,32.7,66.8,15.4,37.89
Laterite,35.2,42.2,65.1,71.99
Red,33.5,81.8,129.4,70.94
Alluvial,30.4,52.8,10.1,45.73
Red,21.0,44.9,92.8,78.51
Sandy,34.8,74.6,86.9,85.67
Sandy,26.6,30.9,31.1,43.1
Sandy,19.7,40.6,133.1,78.97
Red,27.9,82.1,21.3,47.88
Alluvial,21.7,57.5,136.3,74.71
Clay,32.6,80.6,21.0,44.89
Red,39.2,31.4,113.9,74.81
Alluvial,22.5,86.4,9.1,59.48
Loamy,27.7,86.8,67.6,66.4
Sandy,25.7,83.9,98.9,70.55
Loamy,29.7,77.5,101.2,78.28
Clay,22.2,67.0,115.0,67.66
Clay,37.7,68.1,78.6,76.87
Alluvial,25.4,48.9,120.2,92.86
Loamy,23.8,35.6,114.1,69.75
Sandy,25.6,89.6,140.0,65.44
Sandy,23.7,42.6,83.8,75.85
Sandy,38.7,62.1,89.3,84.7
Clay,25.6,62.9,40.0,59.11
Black,26.8,66.7,60.2,87.29
Alluvial,18.4,43.9,32.1,40.24
Black,25.5,79.6,116.6,70.1
Loamy,26.0,54.8,59.7,36.69
Loamy,38.6,89.5,15.4,45.96
Sandy,37.4,46.6,76.3,66.98
Clay,26.7,87.8,61.4,80.45
Black,24.5,79.9,25.7,48.19
Red,19.1,60.9,59.2,60.0
Alluvial,32.5,52.3,23.3,54.35
Laterite,38.5,78.8,63.8,88.89
Clay,27.0,50.8,20.7,37.78
Sandy,19.5,62.8,32.5,55.37
Sandy,37.6,60.4,97.2,68.5
Laterite,26.3,43.0,22.4,15.03
Loamy,19.3,37.0,88.9,77.91
Laterite,21.4,64.1,51.7,51.45
Red,21.1,49.7,144.4,82.06
Black,35.5,33.0,137.7,85.38
Alluvial,29.1,71.5,68.8,76.21
Red,22.4,87.6,76.7,68.66
Black,36.4,89.4,102.6,75.09
Loamy,27.3,61.3,129.3,93.78
Loamy,19.3,72.9,64.0,87.7
Black,39.1,80.2,81.0,82.79
Loamy,36.5,60.4,15.5,44.7
Laterite,30.2,32.3,28.3,43.24
Black,20.2,33.4,10.2,19.29
Sandy,31.1,81.7,26.4,35.77
Clay,38.3,47.3,74.9,93.89
Alluvial,26.9,63.2,119.8,85.85
Alluvial,21.8,62.3,117.7,92.88
Sandy,28.3,44.9,102.2,70.64
Black,26.4,50.9,82.8,83.13
Clay,22.8,32.5,116.7,83.02
Black,34.8,82.7,81.6,66.55
Black,27.7,41.1,129.6,86.17
Red,22.2,88.6,26.5,45.83
Sandy,24.2,39.3,33.8,44.83
Alluvial,21.0,33.0,149.9,90.8
Alluvial,32.2,70.7,92.5,73.38
Red,30.9,67.8,27.5,43.58
Laterite,18.3,51.9,100.7,94.2
Black,23.3,50.3,69.7,94.66
Laterite,19.7,30.9,12.7,17.03
Laterite,18.6,46.8,141.3,90.42
Sandy,23.4,72.1,54.3,50.4
Loamy,31.6,64.7,58.4,56.53
Red,19.8,81.4,87.7,86.79
Clay,19.6,30.2,60.9,93.04
Black,26.3,43.5,32.9,35.95
Clay,23.0,84.2,27.4,51.63
Black,22.1,42.9,136.5,66.98
Laterite,30.0,83.0,35.0,46.85
Clay,39.1,60.3,17.9,52.57
Red,25.4,60.3,72.1,86.68
Laterite,35.7,38.4,14.0,12.75
Laterite,32.8,61.8,12.4,52.79
Red,33.7,32.7,126.3,82.82
Alluvial,23.3,82.9,85.9,79.14
Sandy,38.2,53.2,83.8,69.29
Red,24.7,78.3,48.9,46.42
Clay,31.0,63.2,50.0,47.83
Sandy,23.5,41.1,6.5,12.16
Red,24.6,48.2,25.9,57.56
Laterite,35.5,87.4,146.7,81.14
Black,34.9,41.7,38.9,40.36
Clay,21.9,58.3,62.2,83.47
Red,18.5,75.0,101.6,86.37
Red,20.7,54.7,66.9,73.81
Loamy,35.4,41.1,50.3,50.98
Black,36.9,58.8,64.8,94.01
Black,23.9,63.6,116.9,92.34
Black,30.8,80.6,8.8,58.91
Sandy,35.6,40.6,98.6,73.89
Clay,29.7,63.5,73.7,71.91
Red,20.0,46.5,112.5,86.26
Sandy,29.0,89.8,30.1,58.13
Loamy,18.0,43.1,10.9,12.54
Laterite,27.4,40.4,106.2,77.6
Sandy,18.6,43.1,72.8,85.31
Clay,19.1,79.9,72.9,66.27
Sandy,21.8,41.4,88.3,76.31
Red,25.2,39.7,86.5,88.8
Loamy,29.1,54.3,70.6,76.2
Alluvial,34.8,76.4,58.7,53.5
Loamy,18.4,82.7,148.8,90.7
Sandy,37.5,66.7,127.7,71.99
Alluvial,36.5,50.4,93.4,76.36
Black,25.1,39.4,112.7,90.25
Alluvial,26.0,84.2,95.0,89.67
Black,18.0,64.6,52.4,40.57
Clay,26.2,67.8,94.7,94.09
Clay,32.6,86.9,135.7,88.13
Alluvial,35.6,51.4,135.0,67.21
Black,33.3,49.3,104.5,77.77
Laterite,31.8,44.9,145.6,65.42
Clay,30.9,47.1,132.2,79.71
Loamy,25.9,49.3,36.4,39.08
Alluvial,38.1,45.7,30.4,50.5
Clay,29.4,85.9,20.4,57.73
Laterite,26.2,44.5,23.1,16.14
Black,39.1,70.5,35.5,52.65
Laterite,37.9,76.9,111.7,83.5
Laterite,21.9,81.3,65.4,80.2
Laterite,32.8,53.3,134.5,69.15
Black,24.8,73.7,91.9,81.84
Clay,26.4,33.3,42.8,54.48
Loamy,32.9,43.5,39.6,50.9
Black,36.6,70.5,65.1,80.37
Laterite,23.3,44.2,105.1,79.11
Loamy,26.4,35.8,99.4,80.96
Loamy,37.7,54.5,84.6,87.56
Red,29.2,53.5,102.8,75.86
Loamy,22.5,90.0,15.7,48.8
Alluvial,25.0,30.7,50.2,39.56
Loamy,30.7,67.1,103.8,93.04
Clay,23.8,42.6,96.5,70.01
Sandy,28.7,58.7,76.8,70.39
Loamy,28.7,48.0,40.9,49.04
Laterite,20.5,68.6,88.6,94.51
Loamy,25.7,59.1,137.5,85.84
Sandy,38.4,33.4,116.4,74.41
Alluvial,33.5,89.2,108.9,81.1
Black,22.6,54.7,138.6,77.92
Loamy,28.4,84.9,45.4,43.5
Loamy,26.8,59.9,121.8,86.18
Clay,31.3,84.0,126.4,90.61
Clay,30.1,85.1,133.2,80.52
Black,27.5,36.6,13.7,10.84
Black,21.1,59.7,23.7,44.1
Clay,28.2,47.3,122.4,78.18
Black,39.7,42.4,37.1,42.22
Alluvial,39.7,75.1,108.5,82.58
Red,26.1,68.8,117.4,80.07
Black,24.5,59.8,40.5,38.56
Clay,32.5,30.3,122.7,65.62
Red,30.4,32.0,34.7,53.55
Red,33.8,88.5,125.4,72.99
Alluvial,30.0,72.5,118.5,70.0
Laterite,26.5,46.2,87.1,78.8
Sandy,23.8,38.9,136.8,92.41
Black,40.0,87.1,94.9,69.43
Red,23.3,37.3,142.4,72.46
Sandy,32.0,79.4,84.4,66.58
Alluvial,19.5,82.2,53.9,48.55
Red,29.8,58.6,106.8,88.66
Loamy,28.8,40.8,121.5,68.41
Loamy,35.4,89.4,70.9,71.98
Clay,26.2,75.0,49.8,36.76
Black,39.6,45.4,92.0,91.87
Sandy,39.1,34.0,81.4,87.72
Alluvial,35.7,49.4,23.8,48.93
Black,21.3,67.8,139.9,71.15
Red,33.1,30.4,63.2,90.11
Laterite,21.5,36.4,96.3,72.81
Red,20.0,38.7,108.4,71.6
Sandy,19.2,50.1,95.5,76.52
Loamy,38.2,83.6,95.0,89.59
Clay,23.6,56.1,126.1,77.7
Alluvial,35.9,68.7,118.1,94.33
Clay,37.3,48.6,70.4,66.28
Clay,18.4,89.4,95.7,76.25
Alluvial,23.3,53.9,35.1,45.27
Black,20.5,77.1,17.9,39.57
Clay,34.0,70.4,82.2,67.06
Red,34.6,62.9,132.3,85.07
Loamy,31.3,57.6,134.8,93.44
Black,20.4,50.2,27.3,53.95
Black,30.0,42.2,101.0,87.11
Laterite,38.3,85.1,54.2,37.71
Loamy,34.0,69.7,21.3,43.67
Black,29.2,61.5,108.1,89.92
Clay,30.6,79.8,61.9,89.57
Loamy,31.4,67.8,142.9,92.82
Loamy,40.0,33.0,134.8,81.34
Clay,38.1,71.7,126.6,66.28
Alluvial,32.1,67.9,108.9,69.59
Laterite,23.8,41.6,97.1,71.04
Loamy,38.6,36.1,53.3,47.11
Laterite,31.7,59.7,129.8,66.2
Clay,30.0,88.5,25.7,41.52
Black,38.6,70.1,133.4,74.01
Loamy,39.7,31.8,123.3,91.93
Sandy,26.4,43.2,113.9,70.81
Loamy,39.8,75.1,87.3,73.99
Black,20.1,60.7,7.9,45.43
Sandy,30.6,87.9,128.7,70.14
Loamy,38.4,37.8,120.1,71.72
Laterite,33.1,36.5,59.4,46.09
Clay,32.2,46.7,115.9,84.78
Clay,39.4,34.9,117.8,78.18
Black,27.8,89.0,134.3,79.79
Alluvial,19.3,62.3,51.5,36.35
Black,21.6,67.4,83.4,73.81
Alluvial,18.1,79.2,140.6,80.5
Red,28.8,56.0,139.9,75.8
Loamy,27.0,54.3,24.8,43.53
Laterite,34.5,79.9,132.3,86.25
Laterite,30.3,89.5,18.6,43.25
Red,36.5,41.6,87.4,91.36
Red,28.5,65.2,8.4,59.17
Sandy,36.4,89.1,131.8,67.21
Laterite,21.3,61.7,45.0,50.02
Sandy,36.5,50.8,104.0,80.66
Laterite,34.8,46.4,32.5,53.45
Sandy,19.0,81.8,24.0,45.04
Loamy,24.6,77.9,67.9,90.18
Alluvial,29.7,57.9,98.6,73.42
Sandy,38.8,34.1,132.9,83.31
Red,32.3,33.8,100.8,82.36
Loamy,29.0,32.3,125.1,72.91
Loamy,19.1,65.8,84.4,76.76
Red,28.7,76.6,98.5,70.91
Laterite,33.2,64.5,133.1,84.96
Black,39.1,67.2,104.2,68.36
Laterite,36.0,87.6,147.1,90.41
Sandy,35.5,34.9,103.0,67.71
Clay,30.9,69.1,29.1,58.58
Laterite,30.5,75.8,14.0,50.06
Red,38.2,53.1,117.3,91.02
Sandy,38.2,71.9,15.0,48.31
Clay,20.6,55.4,74.6,91.15
Red,27.9,77.7,87.8,90.44
Laterite,22.1,58.9,111.7,84.82
Sandy,28.7,48.2,132.1,85.16
Alluvial,21.2,59.7,135.1,65.57
Alluvial,21.5,80.1,80.6,73.13
Alluvial,20.5,64.6,43.4,41.27
Red,24.5,48.3,53.5,53.64
Laterite,35.3,49.3,16.6,43.66
Clay,21.0,36.6,100.7,78.79
Loamy,26.3,85.1,17.2,58.43
Sandy,26.9,74.8,71.3,73.32
Clay,31.0,69.9,134.6,94.35
Laterite,32.6,55.4,7.2,39.04
Red,23.8,57.5,132.9,85.4
Black,22.5,53.8,80.5,76.82
Laterite,33.1,75.4,138.3,71.67
Laterite,22.4,87.6,16.8,48.93
Red,20.8,66.5,25.9,45.51
Clay,31.2,42.1,66.0,88.78
Alluvial,27.2,34.0,116.8,78.97
Alluvial,38.2,49.3,132.7,81.3
Black,23.7,57.2,134.1,92.38
Laterite,39.8,65.0,144.2,87.05
Loamy,23.4,71.2,110.5,66.73
Laterite,34.2,69.5,70.2,70.09
Alluvial,30.6,59.0,48.8,51.79
Sandy,25.3,36.9,75.3,66.19
Red,37.9,58.1,56.7,40.89
Black,30.4,34.3,141.5,88.35
Red,30.4,37.9,72.0,91.18
Clay,34.9,46.9,38.6,39.95
Loamy,34.5,60.6,88.5,76.74
Clay,20.9,48.9,107.7,80.32
Alluvial,24.1,73.4,70.0,65.59
Clay,24.7,46.6,27.1,59.35
Clay,20.8,56.8,16.7,49.19
Black,22.3,67.5,91.1,93.81
Black,35.8,55.7,54.9,56.26
Black,25.0,58.5,65.8,67.16
Loamy,20.0,86.5,93.1,70.96
Alluvial,31.7,65.8,17.1,52.41
Black,36.8,67.2,78.8,71.72
Sandy,38.7,81.9,8.0,49.3
Loamy,20.9,38.5,110.2,88.6
Black,38.2,47.1,139.0,73.31
Black,29.2,78.2,38.3,38.11
Loamy,38.5,47.0,73.0,71.83
Black,29.4,72.7,106.8,74.17
Red,37.0,60.8,76.1,80.03
Loamy,19.4,40.0,10.9,14.53
Laterite,25.0,59.4,105.9,83.92
Alluvial,35.9,63.7,118.9,71.53
Loamy,32.0,74.2,50.4,59.27
Black,28.3,58.5,95.0,83.17
Black,29.5,85.5,100.0,73.83
Alluvial,26.9,37.3,141.2,72.05
Sandy,22.0,36.7,13.2,21.87
Clay,19.6,41.7,40.5,43.0
Alluvial,24.1,55.1,92.6,92.77
Clay,30.5,73.2,82.0,68.45
Red,36.9,35.5,78.2,68.99
Alluvial,18.9,83.1,109.4,75.0
Red,23.2,36.6,147.3,90.07
Clay,35.8,82.2,45.1,53.89
Black,26.4,57.8,114.6,74.05
Alluvial,19.9,82.1,72.2,80.63
Black,37.1,81.9,137.4,69.07
Black,18.1,53.8,93.0,83.6
Loamy,33.3,66.9,100.9,73.37
Red,24.1,42.8,100.0,79.99
Clay,33.0,86.0,48.6,57.07
Sandy,39.7,55.0,137.0,68.15
Clay,23.7,64.1,124.6,69.58
Laterite,32.4,34.3,102.3,70.08
Clay,31.5,73.4,96.2,82.86
Red,28.6,33.6,78.2,68.28
Clay,25.6,87.9,48.7,41.75
Clay,27.5,80.0,76.3,87.01
Red,23.1,68.4,5.9,46.38
Sandy,29.3,32.0,33.7,37.5
Black,32.7,41.3,79.2,67.94
Sandy,18.1,38.8,44.0,40.3
Alluvial,24.2,80.2,98.2,86.74
Black,20.7,85.5,12.0,53.1
Alluvial,36.0,63.0,81.0,90.99
Loamy,19.9,89.0,85.1,65.19
Clay,22.6,78.3,102.9,78.05
Clay,33.5,77.8,90.4,80.28
Loamy,24.8,49.9,138.6,71.98
Alluvial,20.7,65.8,12.6,48.24
Red,36.1,34.6,106.0,87.85
Loamy,36.6,67.0,14.3,35.96
Laterite,31.3,49.3,144.7,91.9
Red,26.6,64.7,114.9,76.35
Black,30.0,89.0,65.3,68.93
Sandy,32.8,46.2,28.8,57.83
Clay,31.9,59.2,71.6,88.41
Laterite,34.6,77.3,133.9,80.55
Sandy,24.1,54.5,54.8,53.85
Loamy,31.2,73.8,84.4,87.23
Black,39.5,58.6,139.1,90.33
Alluvial,29.1,36.8,122.7,76.3
Alluvial,35.8,42.7,44.7,54.76
Black,40.0,45.6,93.8,69.9
Clay,37.6,80.0,23.6,37.41
Sandy,19.1,51.1,120.1,84.31
Clay,30.1,45.7,67.4,89.63
Laterite,28.6,61.2,54.3,57.7
Black,27.2,74.0,100.9,94.84
Sandy,33.4,40.5,129.5,76.52
Laterite,36.5,79.2,76.0,66.31
Clay,18.6,47.9,70.2,78.42
Black,36.4,77.0,67.9,92.08
Clay,22.2,31.0,98.0,81.07
Red,24.7,70.5,20.3,38.68
Laterite,31.4,45.9,65.4,72.06
Clay,33.6,84.9,17.6,35.76
Clay,28.6,50.4,49.7,55.82
Black,30.6,56.2,35.9,36.73
Clay,22.0,30.6,101.9,69.8
Loamy,36.7,52.5,5.1,47.94
Alluvial,38.9,54.2,39.5,49.1
Alluvial,28.1,79.2,143.0,89.27
Alluvial,34.7,83.2,61.9,89.84
Loamy,28.8,87.4,148.1,75.84
Clay,23.7,47.0,25.0,48.82
Sandy,28.2,74.3,102.5,72.8
Laterite,29.6,34.8,90.2,76.69
Loamy,34.6,45.0,117.4,92.06
Alluvial,29.2,71.1,58.0,48.69
Loamy,27.8,49.3,55.2,45.23
Clay,25.2,61.0,144.0,67.33
Red,27.2,56.7,130.7,78.23
Black,34.7,50.2,93.4,73.45
Clay,24.7,75.5,45.5,50.19
Clay,26.1,83.3,138.0,90.22
Red,23.5,54.0,37.8,49.11
Clay,38.0,89.0,119.7,83.71
Clay,26.9,87.0,70.4,87.85
Laterite,31.8,35.8,67.4,85.28
Loamy,30.1,40.7,68.4,93.21
Black,36.1,65.0,17.7,45.3
Black,19.8,84.3,99.9,79.05
Loamy,34.6,37.3,74.4,93.24
Sandy,23.2,41.9,8.5,14.95
Loamy,38.4,44.0,93.1,73.07
Clay,31.3,88.8,64.1,90.3
Black,19.8,74.5,128.8,85.53
Red,37.8,67.5,36.7,40.81
Red,38.1,52.4,109.9,86.25
Laterite,32.7,72.7,122.7,82.33
Red,24.3,78.0,79.8,94.9
Red,34.2,52.5,52.7,39.62
Clay,21.2,41.0,43.8,59.91
Sandy,35.1,54.2,30.1,46.38
Laterite,39.7,82.4,37.0,50.15
Clay,26.0,32.2,20.0,16.94
Clay,22.9,70.6,5.5,42.1
Black,38.6,61.3,33.7,52.93
Clay,32.9,59.6,114.4,82.63
Alluvial,35.7,81.3,86.8,71.11
Alluvial,21.8,57.9,74.8,67.66
Black,31.1,45.7,119.4,91.68
Loamy,32.0,37.6,61.7,69.3
Black,23.0,87.6,46.4,42.5
Sandy,38.7,49.1,101.4,80.14
Alluvial,37.0,59.7,31.2,52.89
Laterite,22.3,78.6,104.4,92.16
Black,19.3,57.8,118.5,71.27
Loamy,30.5,81.9,132.6,66.93
Alluvial,34.1,68.4,111.9,75.21
Red,34.8,81.9,36.2,56.68
Alluvial,32.7,64.3,119.1,75.59
Black,26.8,39.8,54.8,50.86
Loamy,37.7,38.6,46.1,46.19
Laterite,27.7,34.4,127.2,76.28
Laterite,34.3,36.5,128.1,91.22
Black,40.0,56.9,78.2,87.22
Laterite,36.5,77.5,18.9,50.34
Loamy,37.2,45.9,45.2,56.55
Clay,31.9,31.5,138.0,73.45
Clay,25.1,57.2,59.7,50.85
Alluvial,33.8,31.9,100.5,93.44
Clay,19.9,53.8,74.6,88.87
Sandy,18.1,70.9,65.8,92.51
Laterite,25.1,66.6,90.3,89.69
Clay,18.7,67.8,62.6,73.06
Alluvial,36.2,80.0,109.2,91.22
Red,27.8,67.7,21.8,56.33
Red,39.4,49.0,137.9,80.38
Clay,26.6,56.2,142.9,66.2
Clay,29.6,72.1,131.2,71.61
Clay,21.3,43.4,144.5,73.75
Loamy,28.0,61.8,71.3,78.58
Loamy,22.3,36.7,25.4,41.17
Alluvial,37.0,63.2,16.3,39.19
Red,22.5,63.8,23.0,58.7
Clay,34.1,36.2,100.6,91.87
Clay,20.1,79.0,30.3,51.87
Loamy,20.4,64.3,81.1,93.82
Loamy,18.7,76.1,22.0,51.62
Alluvial,27.4,53.8,95.9,76.08
Red,18.7,76.6,106.6,74.91
Red,24.0,87.1,66.5,74.19
Laterite,26.0,72.2,50.9,54.65
Black,38.9,48.4,102.2,86.11
Loamy,24.2,34.0,142.8,65.56
Black,29.1,69.6,83.3,79.81
Sandy,37.2,43.2,69.9,88.97
Loamy,37.8,78.9,89.4,78.3
Alluvial,26.9,85.1,130.3,70.57
Laterite,25.5,56.8,117.9,80.53
Alluvial,37.0,43.4,72.4,87.28
Laterite,33.5,70.4,106.3,85.97
Red,32.1,65.3,124.6,73.94
Black,21.3,42.8,69.0,90.09
Clay,31.4,30.6,57.8,46.14
Loamy,26.9,53.7,48.9,45.72
Laterite,19.1,78.7,116.9,73.75
Clay,31.9,74.6,65.4,78.5
Laterite,30.6,87.1,69.3,79.3
Laterite,29.5,34.5,54.7,56.35
Loamy,28.7,51.8,86.6,71.86
Red,39.6,86.4,103.0,75.88
Red,23.8,49.5,37.8,51.39
Loamy,26.9,49.1,43.2,57.36
Clay,19.2,31.0,54.4,58.4
Alluvial,21.1,35.4,70.2,79.51
Clay,25.1,40.7,40.5,49.27
Alluvial,38.4,40.0,97.3,84.66
Loamy,26.6,45.4,66.0,75.99
Laterite,20.5,76.5,66.2,93.08
Red,39.5,38.9,25.8,54.46
Alluvial,36.1,32.4,88.6,68.25
Clay,20.8,55.9,59.4,59.5
Laterite,36.5,55.8,149.7,72.09
Laterite,23.6,45.1,109.3,68.72
Laterite,26.9,37.5,111.1,70.36
Laterite,18.5,34.4,31.8,58.22
Laterite,38.2,36.7,74.6,83.95
Sandy,18.2,60.5,39.0,58.51
Sandy,33.3,89.5,61.7,92.88
Loamy,24.1,85.6,110.3,83.15
Sandy,39.7,83.8,52.6,59.72
Sandy,25.3,81.3,135.4,86.52
Sandy,20.2,73.9,102.3,79.78
Red,37.0,86.5,49.3,36.87
Laterite,26.8,73.3,112.5,77.86
Sandy,40.0,64.2,140.0,87.23
Laterite,21.2,43.3,36.6,50.29
Laterite,36.4,66.3,38.1,40.23
Red,29.6,84.7,109.6,87.07
Red,19.4,66.7,84.9,93.85
Loamy,29.9,61.8,5.7,52.32
Sandy,28.8,54.3,76.3,84.44
Clay,31.5,56.7,129.0,77.83
Sandy,33.0,35.4,22.4,22.3
Loamy,18.2,66.3,72.8,90.83
Laterite,29.5,65.5,48.6,36.51
Clay,31.9,59.7,49.6,45.31
Loamy,37.7,55.5,92.0,70.48
Sandy,38.7,70.0,20.2,46.46
Clay,38.9,66.9,133.0,73.75
Alluvial,29.3,87.5,45.9,49.84
Clay,26.5,32.5,24.0,12.66
Loamy,25.1,68.2,71.8,68.34
Sandy,37.3,83.1,107.5,79.31
Black,32.4,54.4,35.7,47.18
Loamy,26.8,41.9,55.3,37.65
Black,30.4,85.0,123.8,91.13
Alluvial,28.0,73.2,46.8,48.28
Clay,25.6,66.8,103.6,83.37
Red,20.7,88.4,60.1,86.62
Black,24.3,88.3,64.4,75.53
Sandy,27.8,47.6,137.1,90.8
Loamy,19.1,58.9,30.8,52.35
Laterite,21.0,68.6,56.6,57.94
Loamy,26.8,83.8,88.8,87.84
Red,22.4,52.1,31.2,51.71
Clay,32.8,64.2,134.7,74.34
Sandy,22.6,79.3,13.2,55.27
Black,32.3,62.1,127.3,68.93
Black,27.9,52.2,85.6,91.43
Alluvial,34.6,89.0,99.8,80.93
Red,31.7,88.9,120.6,89.63
Alluvial,32.6,58.7,69.8,89.43
Alluvial,22.4,74.0,66.1,78.26
Laterite,30.8,47.3,127.2,66.56
Loamy,20.6,50.6,53.1,41.31
Laterite,31.5,67.6,130.2,67.3
Black,27.9,70.1,126.5,88.78
Loamy,28.6,89.9,79.9,82.65
Laterite,19.9,63.6,132.2,91.37
Laterite,23.4,78.6,63.9,70.61
Laterite,31.6,82.7,141.9,81.43
Sandy,38.5,37.2,34.0,43.64
Black,35.5,64.7,145.3,66.21
Red,36.5,31.2,11.8,24.06
Clay,21.5,40.0,68.8,94.5
Laterite,38.6,79.8,140.5,76.61
Laterite,35.4,36.6,73.9,89.16
Alluvial,37.8,34.6,103.3,73.64
Laterite,18.3,59.2,45.2,51.67
Black,35.8,31.9,31.5,46.36
Laterite,34.2,86.2,148.3,78.04
Red,30.4,38.8,47.2,43.94
Sandy,39.1,42.3,62.9,66.5
Laterite,38.4,67.0,115.5,75.88
Black,24.8,52.9,42.5,52.34
Alluvial,37.8,50.6,99.6,89.03
Sandy,19.7,63.6,75.8,86.04
Alluvial,30.0,86.8,77.9,73.56
Red,31.5,49.6,40.9,38.07
Red,26.2,87.9,54.6,39.93
Alluvial,27.7,34.5,137.2,71.89
Sandy,34.8,89.1,53.7,36.99
Alluvial,20.7,66.2,89.1,89.37
Sandy,31.5,71.9,141.2,91.91
Black,20.7,62.9,74.6,85.15
Red,25.1,59.0,103.1,83.36
Alluvial,32.1,47.0,56.7,38.85
Black,28.9,75.9,38.1,58.88
Alluvial,31.0,88.9,99.5,84.05
Loamy,20.3,47.2,73.6,75.67
Laterite,28.5,50.0,29.4,49.52
Red,19.6,60.8,74.3,67.91
Red,22.8,51.7,104.0,70.65
Sandy,28.4,60.8,74.6,71.08
Laterite,29.2,52.9,111.4,76.49
Clay,23.6,56.9,127.1,67.13
Alluvial,38.7,68.6,69.5,86.53
Sandy,36.2,65.1,8.1,36.44
Red,35.5,85.7,47.5,56.83
Clay,21.4,41.1,116.8,75.52
Clay,31.0,70.1,85.2,87.1
Alluvial,26.5,41.7,87.1,86.74
Clay,22.0,55.5,118.6,85.23
Sandy,30.8,66.1,112.6,86.85
Alluvial,33.9,75.7,123.1,88.68
Alluvial,35.6,60.3,48.8,40.88
Laterite,37.8,51.1,5.6,51.11
Black,27.8,39.8,80.8,83.39
Laterite,36.9,84.0,59.5,35.47
Alluvial,31.9,42.5,56.7,39.72
Sandy,31.7,65.8,69.6,73.03
Red,35.5,88.9,66.3,91.0
Red,28.3,59.1,144.0,69.37
Clay,29.0,54.6,5.5,54.43
Alluvial,34.9,85.8,90.8,87.07
Clay,20.9,32.0,141.9,66.89
Red,19.1,32.7,124.1,86.57
Laterite,28.8,76.7,16.0,49.56
Laterite,21.9,69.6,41.6,39.65
Sandy,26.9,77.7,72.5,85.7
Laterite,37.8,54.2,17.5,56.06
Black,38.8,90.0,99.8,68.52
Sandy,36.1,64.6,51.5,40.44
Loamy,27.1,34.8,38.6,50.15
Red,30.6,34.1,61.6,86.45
Red,21.1,35.2,75.1,85.93
Black,31.2,87.6,22.9,40.2
Alluvial,27.0,85.8,92.8,70.1
Sandy,24.9,67.9,34.0,52.55
Alluvial,32.6,60.5,67.8,93.0
Red,28.5,65.5,87.0,85.9
Red,35.1,41.5,22.9,25.93
Sandy,38.8,77.0,9.3,42.08
Clay,38.7,43.0,95.8,77.15
Laterite,26.3,60.2,96.7,73.92
Red,34.1,68.6,148.6,82.98
Loamy,18.5,40.4,123.8,81.4
Red,22.6,52.3,54.2,55.09
Black,30.6,31.1,124.5,93.08
Red,35.7,46.6,46.0,58.97
Clay,36.8,80.5,72.7,80.08
Red,39.7,39.9,89.3,88.08
Sandy,38.0,43.6,53.7,55.33
Laterite,22.3,34.7,77.6,83.86
Loamy,32.8,42.2,102.9,78.26
Sandy,26.1,72.3,78.2,77.35
Clay,21.6,64.0,121.9,94.48
Clay,20.9,66.1,26.4,48.02
Sandy,27.8,73.2,23.5,46.03
Sandy,32.8,86.3,115.0,83.24
Red,20.7,79.2,11.5,35.14
Laterite,37.3,44.8,24.2,23.46
Red,26.9,87.9,54.0,53.8
Laterite,30.5,47.3,25.8,49.33
Alluvial,21.4,55.5,56.8,43.49
Black,25.6,65.0,90.0,88.66
Laterite,31.7,60.9,113.4,79.59
Sandy,35.1,71.5,64.9,67.95
Sandy,27.3,80.4,19.7,58.76
Clay,28.3,74.1,50.0,47.83
Loamy,27.0,79.4,22.8,43.81
Loamy,28.1,60.2,110.9,84.75
Black,33.5,82.7,56.3,55.12
Alluvial,33.5,39.8,95.2,94.59
Red,39.6,31.7,81.0,67.64
Sandy,27.7,43.9,94.5,83.67
Laterite,34.4,42.5,12.4,26.26
Laterite,34.8,80.7,108.2,80.56
Sandy,18.9,54.1,88.6,66.79
Alluvial,26.1,87.6,11.6,44.82
Alluvial,34.3,85.4,10.7,48.68
Black,29.5,50.3,36.3,59.32
Alluvial,35.6,44.5,109.3,77.13
Red,37.1,43.0,106.6,88.3
Loamy,25.9,65.7,15.7,38.03
Sandy,25.0,33.3,118.0,85.76
Black,30.6,42.1,67.4,72.18
Alluvial,35.4,53.9,138.3,81.38
Red,21.9,44.2,62.0,76.91
Clay,30.6,85.3,59.1,48.74
Alluvial,37.1,70.9,14.4,47.38
Laterite,38.2,37.5,43.4,57.29
Alluvial,32.0,79.0,40.6,58.0
Black,27.1,88.6,91.9,77.08
Red,35.1,62.0,45.1,42.18
Red,21.5,56.8,144.2,87.14
Laterite,29.7,81.2,8.8,58.81
Black,27.3,48.1,98.3,71.94
Black,33.5,39.2,37.3,51.08
Loamy,29.9,54.5,106.6,93.41
Loamy,37.4,42.9,76.8,78.32
Alluvial,25.5,54.2,60.1,72.52
Alluvial,25.7,33.7,112.3,90.99
Clay,31.0,74.4,113.7,77.61
Loamy,23.2,75.4,7.8,57.6
Clay,28.6,55.7,81.8,81.1
Red,34.6,87.2,74.9,69.21
Loamy,32.5,45.6,141.8,75.93
Red,25.0,89.6,6.1,44.87
Laterite,18.3,89.7,9.5,47.31
Red,24.8,52.0,105.8,80.11
Red,20.2,66.3,108.1,82.07
Red,28.9,80.3,80.5,85.45
Black,31.9,84.0,8.6,47.5
Clay,36.4,79.9,97.4,65.76
Laterite,23.0,56.9,130.6,91.76
Clay,35.6,59.4,98.0,79.13
Loamy,34.7,86.3,8.4,55.5
Alluvial,30.7,47.4,93.2,89.62
Sandy,33.6,74.8,15.8,49.01
Clay,27.5,72.0,70.2,94.94
Black,39.5,85.9,45.5,35.51
Sandy,37.8,56.7,6.1,57.48
Clay,38.9,48.7,5.6,58.35
Laterite,19.9,59.7,10.2,49.04
Laterite,25.7,31.1,71.3,78.83
Sandy,34.8,61.5,42.8,53.11
Black,21.8,84.1,86.8,94.96
Alluvial,27.0,80.1,44.8,52.29
Clay,31.5,88.8,39.3,51.4
Clay,30.7,59.1,119.9,85.32
Loamy,30.6,44.8,107.1,90.56
Red,23.0,46.8,73.7,90.3
Sandy,22.8,89.4,29.6,59.14
Loamy,24.2,31.0,67.0,85.28
Clay,29.8,45.0,70.7,75.04
Loamy,22.6,71.1,121.6,71.15
Alluvial,37.5,73.9,68.5,66.38
Sandy,19.8,44.4,44.1,57.44
Black,39.1,52.2,129.5,80.3
Red,25.2,38.9,131.5,69.05
Alluvial,33.5,37.9,102.7,80.24
Sandy,31.2,43.4,84.6,68.23
Loamy,27.0,50.5,127.7,79.89
Clay,35.5,80.3,107.4,69.2
Red,20.8,68.5,55.3,40.66
Laterite,22.7,72.7,131.1,83.13
Alluvial,24.4,31.8,80.8,89.9
Red,29.1,69.2,134.0,73.38
Black,30.3,45.2,74.2,82.02
Red,32.9,68.7,122.0,79.64
Alluvial,25.6,52.0,56.6,48.14
Loamy,30.7,80.8,29.0,55.89
Sandy,36.7,57.5,73.8,84.75
Laterite,34.9,62.1,71.9,91.76
Black,36.1,58.3,99.0,70.2
Red,26.9,77.4,99.4,83.99
Alluvial,23.5,75.1,15.3,46.51
Sandy,23.4,42.7,98.4,83.16
Alluvial,35.1,69.7,83.3,76.62
Laterite,35.0,49.2,19.3,59.38
Sandy,18.7,39.7,63.6,78.12
Loamy,38.1,61.4,71.1,79.74
Laterite,29.5,65.4,54.5,37.5
Black,35.9,58.8,117.0,87.99
Laterite,32.4,48.0,16.6,47.07
Loamy,35.8,37.6,122.3,80.68
Clay,21.9,48.0,22.2,47.72
Sandy,18.7,70.9,11.6,49.34
Black,31.0,68.3,122.3,75.77
Red,36.0,74.3,82.4,75.43
Alluvial,21.2,47.7,69.8,66.58
Clay,27.6,36.0,85.0,82.1
Black,38.0,89.9,85.2,85.67
Red,21.3,61.9,15.6,42.58
Alluvial,24.8,43.1,95.6,80.17
Red,27.0,37.5,23.4,16.54
Clay,22.1,46.1,12.1,50.1
Alluvial,18.6,76.5,102.3,74.4
Loamy,34.4,57.8,84.0,65.4
Black,38.4,68.6,15.5,46.95
Laterite,25.5,30.1,137.2,68.77
Red,26.9,82.0,34.1,57.66
Sandy,18.2,70.4,144.0,68.84
Black,29.0,59.0,57.3,42.54
Clay,18.3,86.0,11.2,39.53
Sandy,22.8,44.1,57.5,41.44
Loamy,38.3,57.2,98.3,72.51
Clay,30.1,42.4,10.7,16.54
Black,39.9,71.9,107.7,75.95
Loamy,29.5,80.8,147.9,79.48
Sandy,28.7,76.5,69.9,83.8
Laterite,18.6,35.4,98.7,78.61
Alluvial,25.6,77.2,103.9,73.22
Clay,19.3,77.7,21.5,56.06
Red,22.3,76.2,95.2,94.18
Clay,34.0,61.1,24.9,58.36
Clay,22.2,74.1,132.9,79.36
Red,26.8,48.2,112.1,67.89
Clay,20.8,30.5,48.2,35.42
Loamy,25.3,89.9,63.2,67.85
Red,32.6,34.3,141.9,78.67
Clay,39.8,69.5,11.5,58.66
Laterite,20.8,39.0,116.9,67.62
Black,24.5,62.3,42.4,39.53
Clay,21.7,39.6,26.4,45.99
Alluvial,37.6,74.3,146.3,67.19
Red,18.1,87.1,62.1,87.77
Clay,19.7,45.3,127.2,93.29
Sandy,37.3,33.1,120.8,77.72
Black,30.1,66.8,91.5,68.91
Alluvial,38.1,76.1,142.1,87.45
Sandy,29.2,48.9,109.3,92.24
Laterite,20.2,46.4,107.4,93.6
Alluvial,20.1,78.5,117.2,76.59
Clay,24.9,72.3,35.9,59.51
Laterite,34.7,63.6,9.9,42.97
Clay,25.2,71.6,63.2,79.14
Loamy,28.5,86.3,122.2,66.6
Red,20.0,79.4,143.8,70.46
Loamy,37.5,48.5,104.7,69.79
Loamy,39.7,58.1,42.3,56.61
Black,29.3,82.9,49.6,50.11
Loamy,29.8,66.8,88.5,66.93
Black,39.2,35.9,47.4,58.97
Laterite,36.5,42.5,118.9,80.6
Red,23.9,85.1,103.5,86.51
Red,28.7,64.0,8.9,40.27
Laterite,21.3,33.8,25.5,56.48
Black,24.1,59.8,120.0,73.48
Clay,31.4,40.7,135.8,69.37
Red,25.0,41.2,71.1,77.71
Clay,39.5,39.1,7.6,18.93
Laterite,22.0,30.4,19.4,29.66
Sandy,28.2,49.3,141.3,90.81
Sandy,30.7,82.5,134.9,92.79
Red,38.3,60.0,57.9,53.7
Sandy,19.4,86.3,53.8,50.36
Sandy,30.8,78.3,128.4,83.61
Black,36.6,67.0,47.8,38.75
Red,22.2,74.4,41.8,55.58
Red,32.8,67.7,28.2,53.77
Loamy,35.7,38.5,76.3,65.88
Laterite,21.1,44.5,124.8,73.25
Sandy,38.0,49.7,55.9,41.42
Loamy,23.0,62.6,19.5,59.74
Alluvial,39.0,78.2,6.8,45.72
Loamy,35.9,55.3,64.2,87.23
Clay,37.1,63.9,29.5,54.17
Black,19.3,89.8,110.7,76.93
Black,31.0,59.9,38.8,58.15
Red,24.2,75.2,100.7,72.0
Laterite,33.3,86.1,42.6,51.37
Red,39.7,51.9,68.0,75.2
Laterite,26.7,40.2,112.4,79.84
Sandy,26.8,62.1,133.1,73.54
Laterite,20.4,88.4,100.1,89.99
Sandy,31.4,47.5,112.9,84.75
Black,35.8,35.1,97.9,81.45
Black,22.0,37.1,6.0,25.74
Laterite,29.9,50.8,133.6,85.96
Sandy,36.4,63.2,128.4,90.74
Alluvial,23.9,81.7,14.2,57.1
Alluvial,30.5,84.9,85.9,70.57
Loamy,26.8,78.4,70.2,92.81
Black,36.5,89.7,50.7,41.14
Red,27.6,46.2,123.4,65.5
Laterite,19.5,66.1,78.9,66.83
Loamy,23.6,59.1,95.4,93.93
Alluvial,37.5,69.4,82.2,67.52
Laterite,27.6,38.0,132.0,93.13
Sandy,18.5,62.7,136.0,89.02
Clay,39.5,64.4,76.8,90.97
Loamy,32.8,61.4,17.9,37.46
Laterite,35.6,67.6,96.7,78.43
Loamy,19.5,74.6,130.1,73.65
Black,18.6,49.3,36.3,39.29
Black,35.2,37.7,145.9,84.84
Laterite,39.1,76.9,120.2,74.0
Loamy,33.5,75.4,8.1,49.42
Clay,25.7,67.4,90.6,79.17
Black,34.9,83.6,121.3,94.89
Loamy,36.3,48.9,97.6,88.91
Alluvial,19.1,45.4,37.0,45.11
Clay,18.0,82.7,111.6,71.0
Loamy,22.2,72.8,37.2,53.93
Loamy,39.4,44.8,94.7,93.54
Clay,20.6,36.8,124.4,82.23
Black,22.1,36.8,106.2,79.09
Laterite,18.3,82.6,89.9,69.15
Alluvial,18.9,43.9,132.1,91.25
Loamy,27.8,66.7,91.0,72.27
Sandy,32.3,63.2,6.8,51.9
Alluvial,26.2,69.8,67.8,72.28
Red,21.9,35.6,61.6,84.71
Sandy,37.3,65.4,55.4,48.74
Clay,18.6,38.0,138.2,84.25
Loamy,37.4,51.1,109.1,65.49
Loamy,27.1,83.3,79.5,87.64
Clay,39.3,32.4,136.0,68.66
Black,38.1,30.8,98.8,68.48
Clay,31.4,69.2,47.5,47.09
Alluvial,25.4,35.4,100.6,70.95
Loamy,24.6,52.2,85.8,80.63
Loamy,21.7,40.8,149.9,90.65
Red,39.2,34.8,10.9,18.18
Loamy,35.5,86.9,105.8,79.32
Black,28.2,49.8,101.5,85.13
Red,38.7,35.3,83.8,78.97
Laterite,32.6,78.3,35.5,38.64
Laterite,28.4,69.7,139.6,79.68
Clay,33.7,50.8,35.4,36.9
Loamy,33.9,49.5,62.9,77.92
Red,34.1,59.5,139.7,87.75
Laterite,27.5,81.3,64.7,82.54
Laterite,36.0,75.1,131.1,78.7
Loamy,38.3,35.0,61.0,73.03
Alluvial,34.7,48.2,60.9,66.34
Sandy,21.5,56.7,12.8,48.08
Clay,34.1,83.6,83.4,81.08
Clay,20.1,55.2,107.3,79.73
Clay,36.3,41.7,82.5,79.73
Loamy,19.2,49.6,143.9,71.66
Loamy,22.3,64.4,97.7,90.51
Black,34.6,48.0,91.6,89.79
Loamy,27.0,55.0,96.7,87.68
Alluvial,32.4,33.3,36.7,51.39
Sandy,28.2,64.4,43.5,49.96
Black,35.9,66.4,74.9,87.25
Laterite,35.1,44.6,62.2,77.93
Sandy,37.0,34.5,48.7,35.87
Clay,35.1,55.5,64.1,79.42
Clay,30.4,33.8,123.3,93.16
Laterite,38.3,31.4,110.0,74.5
Loamy,32.7,87.4,36.8,43.2
Clay,38.9,65.3,57.1,49.96
Black,26.4,51.2,144.9,81.72
Black,30.7,64.7,49.7,51.85
Black,22.9,36.2,102.3,71.83
Red,24.6,30.0,82.5,70.24
Black,24.5,74.8,88.0,86.93
Loamy,27.4,65.1,90.8,71.43
Laterite,27.6,85.8,20.9,43.16
Sandy,22.9,33.5,125.5,68.29
Red,29.2,43.4,14.1,11.97
Alluvial,19.7,48.0,56.7,56.47
Laterite,29.3,40.2,15.2,19.27
Clay,25.6,60.8,78.0,88.26
Alluvial,28.4,39.7,32.2,59.47
Red,22.4,34.7,115.6,78.92
Loamy,37.3,68.9,5.3,50.9
Red,27.8,37.4,81.0,79.67
Black,31.9,45.6,6.4,51.08
Sandy,20.8,38.1,131.1,86.0
Clay,28.0,76.9,24.3,42.82
Laterite,38.3,37.2,20.3,19.46
Alluvial,29.2,55.9,9.2,36.61
Clay,37.1,40.0,72.2,66.63
Sandy,28.4,42.1,72.1,93.03
Clay,35.5,37.2,128.3,79.5
Sandy,27.0,88.7,138.5,90.78
Red,27.5,33.1,40.9,40.93
Clay,38.1,69.4,69.9,91.42
Sandy,32.0,84.0,15.8,58.59
Alluvial,35.0,64.0,41.9,36.02
Loamy,35.6,40.2,87.2,68.79
Red,31.5,64.9,89.1,83.24
Clay,21.4,62.8,28.2,48.07
Red,22.8,69.3,85.8,86.59
Red,29.4,49.5,43.1,39.14
Clay,18.3,39.8,140.9,86.99
Black,23.4,50.1,65.8,80.75
Red,22.9,48.6,130.3,81.91
Sandy,32.7,48.7,34.7,43.29
Loamy,36.3,54.5,130.9,72.86
Black,32.6,78.5,37.9,37.5
Sandy,34.8,49.1,71.3,70.99
Laterite,24.8,32.6,61.3,78.6
Sandy,25.8,83.3,48.2,50.76
Clay,36.9,77.5,12.3,45.46
Laterite,23.5,42.2,19.3,27.96
Alluvial,31.8,82.7,60.3,87.5
Alluvial,30.6,49.9,79.4,87.73
Loamy,28.7,31.2,144.2,85.31
Clay,35.3,71.2,63.6,90.7
Loamy,28.1,60.3,69.5,74.08
Black,36.4,63.4,60.7,86.18
Loamy,39.7,81.7,64.2,70.41
Sandy,23.5,70.6,138.2,86.22
Loamy,21.3,35.0,86.4,84.87
Alluvial,29.8,61.3,75.5,86.71
Red,22.5,55.1,24.9,59.56
Loamy,36.7,66.3,142.9,77.38
Red,25.6,48.5,95.9,65.24
Sandy,34.1,30.7,138.0,74.09
Alluvial,20.7,86.7,93.6,72.53
Loamy,28.9,67.7,144.0,74.45
Black,24.5,79.3,105.4,77.76
Black,31.4,35.0,22.7,23.78
Loamy,24.4,35.7,90.4,83.08
Black,36.4,35.0,108.5,92.55
Clay,31.5,37.4,75.2,68.71
Black,34.9,88.0,105.0,78.0
Alluvial,29.9,76.4,69.9,71.1
Clay,39.0,35.3,60.7,80.63
Clay,20.1,55.9,130.7,69.52
Black,25.7,53.3,14.6,39.09
Black,27.4,52.3,89.1,69.92
Laterite,20.1,53.8,99.3,93.98
Sandy,24.1,70.4,30.5,44.68
Black,23.2,72.2,110.8,68.77
Red,31.3,59.8,69.8,66.53
Clay,30.6,42.1,33.6,56.52
Laterite,21.3,75.2,22.6,35.14
Sandy,36.2,78.8,66.8,91.04
Black,28.8,49.5,111.2,74.62
Alluvial,19.3,42.8,98.4,84.86
Black,23.3,80.4,47.0,59.18
Sandy,32.1,41.5,101.2,84.28
Red,22.9,39.9,117.7,82.24
Red,25.5,44.2,13.9,27.91
Laterite,24.6,86.2,40.6,57.07
Alluvial,21.2,88.2,107.7,69.06
Laterite,28.9,67.1,13.2,48.55
Loamy,18.4,81.1,40.9,43.67
Black,24.2,33.0,12.2,25.9
Red,18.6,37.6,62.0,84.61
Laterite,19.9,49.8,11.6,56.15
Laterite,28.3,38.2,50.6,46.42
Laterite,30.5,40.1,37.5,56.87
Sandy,33.9,36.8,138.3,93.16
Loamy,34.8,41.8,12.6,10.72
Clay,31.7,38.2,134.5,87.43
Red,20.1,67.8,10.5,55.47
Sandy,19.8,50.1,62.2,90.97
Loamy,26.4,83.9,41.1,43.71
Red,21.9,43.4,17.6,24.05
Black,38.3,74.3,137.4,93.82
Red,31.0,35.3,45.1,46.55
Clay,20.0,77.1,82.8,89.61
Red,38.8,71.3,82.4,93.24
Red,28.2,47.4,61.0,86.48
Black,24.2,63.3,90.2,80.27
Laterite,20.0,64.7,78.9,94.31
Clay,26.0,89.8,89.9,92.63
Red,37.0,36.5,136.5,71.41
Black,28.4,53.6,133.0,69.95
Black,39.3,49.5,119.6,94.27
Loamy,18.4,36.9,72.2,88.35
Black,33.9,39.3,130.4,93.45
Loamy,18.1,51.6,126.9,89.2
Sandy,20.5,82.9,56.4,52.66
Laterite,36.2,82.0,76.9,91.87
Sandy,33.6,47.3,117.7,76.84
Black,18.5,32.5,23.5,28.4
Black,21.5,41.3,104.9,74.25
Red,18.7,80.8,54.0,45.87
Clay,32.2,52.6,110.4,94.63
Black,32.6,70.3,149.0,85.03
Black,27.4,69.0,61.3,69.16
Laterite,19.5,74.0,21.4,50.36
Clay,22.9,59.0,68.9,73.68
Loamy,28.1,37.0,130.7,78.57
Clay,19.0,34.2,71.9,82.08
Loamy,23.7,56.0,76.2,93.51
Alluvial,34.0,72.8,60.8,73.22
Red,37.3,37.6,36.5,40.19
Alluvial,31.5,75.4,56.4,40.6
Sandy,19.9,51.9,118.2,76.79
Black,37.1,65.9,53.4,40.0
Sandy,29.5,67.2,110.4,86.15
Sandy,28.0,53.4,101.1,84.79
Black,34.8,89.0,9.2,37.02
Laterite,33.2,45.1,7.9,49.5
Sandy,23.1,36.2,31.9,42.06
Loamy,29.7,69.9,59.8,57.62
Laterite,20.8,43.5,136.2,72.39
Black,27.6,57.7,145.5,68.22
Loamy,28.1,78.7,87.0,83.38
Black,35.7,52.7,58.7,56.64
Alluvial,24.4,77.5,12.0,38.98
Alluvial,38.3,41.1,105.7,66.37
Alluvial,37.9,80.7,38.5,51.4
Sandy,24.0,32.4,85.5,91.97
Red,26.7,86.7,135.6,92.88
Sandy,25.2,58.9,61.4,66.15
Black,21.2,86.4,118.6,89.97
Sandy,38.1,85.0,143.8,74.86
Clay,35.0,45.6,40.2,35.72
Red,31.2,60.3,8.4,47.69
Red,24.6,30.9,66.8,87.14
Red,21.9,55.3,19.9,44.66
Clay,28.9,58.5,96.6,82.81
Red,22.3,52.7,115.3,73.45
Black,19.2,69.0,97.4,76.16
Black,18.9,56.2,130.5,81.65
Black,22.4,53.1,100.3,70.57
Loamy,36.6,69.2,27.6,55.2
Sandy,26.4,61.2,20.2,58.0
Loamy,29.8,30.5,130.4,77.11
Red,37.9,32.9,40.2,55.48
Clay,22.9,86.0,112.4,92.49
Red,22.8,82.4,56.5,35.64
Clay,23.4,34.2,12.7,28.3
Alluvial,20.9,54.1,79.4,83.55
Laterite,38.5,36.9,98.9,72.63
Alluvial,26.4,36.6,78.9,68.34
Red,33.0,51.2,26.4,42.45
Black,33.9,85.3,12.3,42.15
Clay,32.3,44.0,141.5,72.47
Loamy,21.1,48.9,58.9,48.69
Laterite,23.1,63.6,47.8,38.98
Alluvial,20.0,62.1,62.7,94.94
Alluvial,33.9,87.0,143.6,79.83
Clay,30.5,88.2,120.3,65.08
Sandy,25.0,88.2,120.9,89.51
Laterite,27.5,72.5,127.8,80.83
Clay,32.8,66.9,44.5,53.79
Laterite,33.6,57.7,108.4,76.01
Laterite,26.5,49.9,90.3,89.65
Sandy,26.7,67.0,116.9,84.74
Black,32.9,43.6,137.2,84.9
Clay,32.8,62.5,111.7,78.86
Clay,34.3,88.2,68.4,73.67
Loamy,38.8,43.3,94.4,93.56
Loamy,25.4,75.0,5.2,45.01
Sandy,21.7,44.8,126.0,65.72
Alluvial,39.3,71.1,131.5,88.29
Red,32.1,65.0,69.9,75.23
Sandy,33.8,55.6,142.3,93.1
Loamy,22.3,69.9,79.7,73.39
Laterite,29.9,55.5,58.4,59.84
Clay,33.8,74.6,46.4,57.02
Red,22.3,39.5,54.2,52.01
Laterite,32.0,51.1,145.6,75.56
Alluvial,19.5,48.2,138.1,66.54
Sandy,24.0,49.8,30.2,42.17
Clay,24.9,34.9,128.7,91.76
Alluvial,23.8,61.4,135.0,73.34
Sandy,35.8,44.3,128.0,70.68
Alluvial,20.2,75.9,123.7,73.55
Loamy,32.1,54.5,132.6,81.27
Laterite,25.3,57.7,118.8,69.56
Alluvial,29.2,69.5,41.8,54.52
Alluvial,22.7,34.7,45.3,52.8
Red,30.4,79.9,110.8,92.83
Loamy,35.2,35.3,131.4,72.14
Black,33.8,45.0,82.7,72.8
Black,30.5,86.1,126.4,81.31
Sandy,36.1,71.7,35.5,47.63
Alluvial,36.3,84.3,78.2,67.42
Sandy,35.8,57.8,116.3,74.83
Sandy,20.8,31.3,148.5,68.24
Sandy,20.2,55.0,98.9,84.87
Clay,29.5,49.7,38.4,38.8
Alluvial,29.4,69.6,36.3,43.64
Laterite,26.8,76.7,64.4,92.73
Red,36.7,83.4,93.6,76.33
Black,24.6,77.1,13.2,37.03
Laterite,36.1,64.4,90.8,78.6
Clay,27.6,62.2,29.9,44.48
Alluvial,39.9,68.7,18.1,48.25
Laterite,25.2,58.7,65.3,84.21
Sandy,25.1,82.2,26.2,55.94
Alluvial,23.0,32.7,51.1,44.29
Alluvial,28.6,70.0,101.8,76.45
Sandy,28.5,39.6,104.0,91.19
Alluvial,28.7,84.4,10.6,50.19
Loamy,39.9,71.7,22.5,43.03
Alluvial,30.4,51.6,59.3,52.69
Red,35.7,64.1,141.9,88.65
Red,29.5,85.7,24.7,52.14
Loamy,19.5,82.0,64.0,70.89
Loamy,28.1,80.7,90.9,82.55
Sandy,24.4,59.6,38.7,51.38
Alluvial,26.8,69.5,55.7,54.97
Loamy,36.5,32.9,30.1,42.55
Black,35.8,44.3,10.0,18.7
Sandy,28.1,63.7,8.3,56.03
Loamy,32.2,52.3,29.9,48.85
Alluvial,22.5,70.8,69.0,86.99
Alluvial,18.5,74.8,83.0,73.6
Alluvial,33.8,30.7,79.8,79.22
Sandy,30.6,57.1,87.3,93.38
Alluvial,38.7,48.2,147.3,77.41
Black,27.6,64.0,15.7,58.69
Alluvial,22.7,74.1,55.6,46.84
Red,39.1,42.3,135.5,73.71
Loamy,35.0,78.7,49.8,47.96
Laterite,26.5,53.8,145.8,79.88
Alluvial,36.3,40.7,115.7,77.4
Alluvial,20.8,62.0,27.7,51.37
Red,31.8,37.4,115.9,79.18
Red,30.7,76.1,74.8,72.17
Alluvial,30.4,37.7,51.0,45.43
Loamy,23.7,61.0,101.6,78.07
Laterite,34.0,43.6,71.7,78.51
Loamy,30.1,40.6,37.8,47.06
Clay,35.6,78.6,17.8,50.02
Laterite,21.6,63.0,57.0,45.27
Alluvial,22.6,55.2,103.1,88.79
Clay,31.2,80.2,7.1,35.8
Red,29.7,67.1,116.7,77.1
Clay,26.3,84.0,89.0,83.38
Loamy,28.6,43.3,50.3,57.57
Red,33.3,33.2,104.2,72.68
Sandy,32.4,60.4,90.9,78.04
Laterite,28.7,62.6,30.6,47.4
Sandy,35.6,82.9,59.8,53.42
Loamy,36.8,57.4,11.9,48.49
Loamy,31.7,38.6,14.8,13.05
Laterite,32.1,73.4,65.9,93.82
Loamy,22.2,72.6,98.7,68.84
Black,28.7,81.7,94.3,86.66
Laterite,26.6,78.0,16.5,35.94
Clay,26.5,42.0,132.8,89.03
Black,34.6,49.2,137.6,91.32
Clay,30.2,59.4,35.3,38.74
Loamy,24.9,42.9,9.2,20.82
Red,21.8,70.5,126.7,82.31
Sandy,20.0,37.0,130.2,80.27
Alluvial,23.3,46.4,60.2,92.92
Loamy,28.3,59.6,115.6,84.27
Red,30.7,57.6,122.9,92.33
Loamy,24.4,47.4,108.7,72.27
Red,38.8,78.6,58.3,49.65
Clay,19.7,83.2,71.9,86.08
Black,32.5,44.3,99.8,70.49
Sandy,19.2,43.8,131.4,70.82
Sandy,24.6,48.1,79.5,66.05
Laterite,31.0,73.3,16.1,45.28
Loamy,39.5,35.5,59.0,35.39
Black,37.8,86.6,112.0,74.91
Alluvial,24.0,80.2,56.9,55.48
Loamy,36.7,40.1,11.0,25.66
Black,35.8,40.3,80.2,85.91
Clay,22.2,36.3,104.4,65.48
Loamy,38.9,87.1,87.3,67.44
Black,19.2,32.5,132.8,81.92
Red,26.5,69.9,11.4,41.68
Red,20.5,86.9,19.2,46.31
Black,32.5,76.7,128.3,75.15
Laterite,36.6,40.8,36.4,38.8
Loamy,36.6,71.5,146.8,79.82
Clay,39.3,47.3,77.9,68.1
Sandy,21.0,40.4,112.1,78.16
Laterite,35.3,50.4,21.3,55.33
Red,35.8,30.0,60.0,88.68
Sandy,28.1,34.7,44.9,37.91
Black,20.7,66.3,116.1,66.25
Red,35.3,61.2,58.6,50.96
Black,28.8,51.0,24.2,40.84
Alluvial,34.8,72.4,94.8,71.92
Red,20.9,52.0,144.7,91.66
Black,25.4,35.7,121.4,73.08
Laterite,25.3,61.8,130.2,66.31
Laterite,30.9,85.8,27.8,56.73
Laterite,21.6,58.0,131.8,79.36
Loamy,26.2,35.3,55.3,41.45
Red,29.9,66.0,26.7,43.34
Black,36.4,66.7,12.6,44.05
Red,37.1,34.4,46.2,44.89
Sandy,21.0,74.5,35.8,57.81
Clay,27.8,43.0,91.4,77.22
Red,34.9,33.4,32.9,37.83
Laterite,34.7,35.9,71.0,90.71
Black,25.8,72.7,21.9,44.52
Sandy,37.0,41.8,27.2,50.36
Alluvial,19.4,34.0,123.8,86.08
Clay,35.8,76.7,119.8,87.58
Clay,22.9,65.4,144.5,94.93
Clay,18.6,83.6,74.8,94.65
Sandy,32.9,45.6,16.3,51.8
Alluvial,25.5,47.5,90.4,78.12
Sandy,21.8,79.1,106.4,90.94
Laterite,33.0,59.3,86.7,69.01
Sandy,26.4,57.2,40.2,57.39
Laterite,30.0,60.8,132.2,77.2
Alluvial,23.4,79.9,82.3,70.22
Sandy,27.3,76.6,136.4,82.24
Sandy,33.9,53.6,60.6,83.18
Clay,24.7,70.9,98.9,74.85
Alluvial,26.6,87.6,114.3,89.56
Clay,28.4,36.6,85.7,77.69
Laterite,34.7,58.4,59.7,40.82
Loamy,31.3,82.2,142.2,94.25
Red,24.0,80.6,148.5,74.14
Clay,20.7,48.4,112.1,68.61
Alluvial,31.2,58.6,148.0,86.4
Laterite,20.0,56.4,86.7,86.27
Clay,22.0,67.9,144.0,83.72
Alluvial,35.8,81.9,97.7,78.78
Alluvial,22.3,67.6,36.5,54.37
Loamy,32.6,37.0,62.8,75.47
Laterite,37.1,61.0,81.9,94.57
Alluvial,22.9,31.7,125.1,75.68
Black,26.7,79.7,16.1,47.38
Alluvial,27.7,88.4,103.1,83.57
Sandy,26.5,50.2,125.9,87.27
Sandy,34.4,49.5,103.2,93.02
Alluvial,28.9,31.2,68.1,89.29
Black,39.6,45.1,70.6,86.94
Loamy,35.9,62.3,65.2,69.95
Alluvial,38.2,83.0,80.5,67.79
Laterite,22.8,69.4,115.8,77.2
Black,22.6,78.2,140.4,74.68
Alluvial,36.5,50.6,89.0,77.12
Clay,22.5,47.7,33.7,45.8
Red,35.3,70.2,38.1,39.72
Clay,20.2,79.1,7.7,43.41
Clay,21.0,52.6,93.7,86.3
Red,24.1,46.2,29.7,45.93
Loamy,27.5,32.6,133.5,78.21
Loamy,35.9,50.4,10.6,41.89
Black,35.7,66.8,85.3,67.13
Black,20.9,50.5,137.9,90.95
Black,35.3,37.4,92.9,79.37
Black,30.1,75.2,24.5,49.74
Red,31.3,33.6,9.9,20.59
Loamy,28.9,59.7,40.2,39.54
Alluvial,28.7,86.2,45.0,50.54
Sandy,28.2,33.3,86.2,80.1
Red,20.9,41.7,99.2,76.64
Alluvial,30.2,73.9,56.5,38.73
Laterite,36.8,52.0,149.6,79.88
Sandy,39.6,47.2,145.8,92.42
Alluvial,37.8,57.3,148.0,66.22
Clay,25.9,85.5,147.2,70.82
Red,20.3,78.7,7.9,58.16
Black,27.5,70.5,75.9,94.79
Loamy,39.9,48.8,72.1,77.61
Clay,39.5,55.1,122.0,92.85
Sandy,34.0,63.5,17.5,44.34
Black,19.6,60.4,108.1,72.44
Black,21.5,55.8,111.4,89.89
Loamy,36.2,71.4,137.9,73.37
Alluvial,31.3,74.4,15.0,48.14
Alluvial,19.7,42.8,84.7,66.21
Alluvial,24.7,49.5,78.2,81.36
Sandy,35.8,48.9,64.1,94.78
Alluvial,22.4,74.5,31.5,46.38
Loamy,29.4,64.3,98.0,86.87
Alluvial,33.0,86.2,112.3,78.32
Red,24.6,70.6,90.0,65.72
Black,22.6,50.8,121.4,71.11
Laterite,30.4,52.2,101.8,65.27
Sandy,30.0,44.7,7.5,11.85
Loamy,36.2,79.9,108.0,76.39
Sandy,18.7,81.2,84.4,79.18
Sandy,21.9,88.5,126.7,67.11
Red,39.1,66.3,136.2,91.46
Loamy,38.5,33.3,146.9,84.18
Red,25.8,37.2,101.4,70.61
Alluvial,33.9,34.2,17.3,17.28
Alluvial,36.1,78.0,36.2,46.35
Loamy,36.5,63.4,119.7,90.21
Sandy,23.1,77.3,85.1,94.63
Clay,24.8,40.0,14.7,19.43
Black,33.7,58.6,48.3,57.65
Loamy,26.1,63.6,10.8,52.83
Sandy,32.0,50.7,130.7,78.74
Clay,39.3,86.9,41.6,51.94
Loamy,33.7,57.1,93.7,94.28
Black,38.3,71.6,79.9,76.7
Alluvial,25.8,86.3,107.5,94.86
Alluvial,21.2,49.5,32.1,39.24
Loamy,27.2,48.7,16.1,36.54
Laterite,37.6,83.1,96.6,69.82
Loamy,30.1,64.9,135.1,83.62
Clay,39.4,69.3,7.3,35.95
Laterite,21.6,30.8,32.6,49.91
Laterite,27.1,41.9,11.4,28.53
Clay,36.8,82.8,22.1,50.15
Sandy,21.2,87.8,49.1,55.07
Sandy,18.1,58.0,127.1,74.33
Red,26.7,43.5,113.0,79.88
Red,37.3,62.8,11.0,41.38
Alluvial,28.3,86.0,131.3,82.0
Clay,24.6,89.7,15.1,38.36
Clay,39.8,56.8,30.9,49.03
Sandy,32.8,63.6,16.4,37.11
Loamy,31.7,67.8,12.1,50.95
Laterite,18.1,37.9,119.2,73.98
Sandy,29.8,41.2,102.1,72.08
Laterite,39.9,44.9,15.7,11.62
Clay,35.6,43.5,29.2,39.93
Red,36.5,77.1,110.9,80.03
Loamy,34.2,70.9,53.9,46.08
Red,21.7,82.1,38.3,53.85
Alluvial,29.6,83.4,45.1,37.9
Black,29.3,60.8,123.5,77.87
Black,27.3,67.4,22.9,47.74
Red,32.7,57.2,88.9,85.18
Laterite,28.9,54.7,19.0,54.89
Alluvial,33.3,89.1,108.9,78.1
Alluvial,34.6,43.6,59.8,43.4
Laterite,33.6,71.3,97.6,71.3
Alluvial,29.1,43.1,38.8,52.6
Alluvial,37.3,56.1,129.4,66.9
Clay,26.3,61.2,114.2,80.41
Loamy,30.8,34.6,31.4,36.57
Laterite,36.9,86.2,137.9,78.73
Black,28.6,30.5,61.2,89.46
Black,22.2,86.7,33.3,35.98
Sandy,21.6,48.5,8.3,49.37
Sandy,23.9,88.4,106.8,65.28
Loamy,24.1,50.7,54.1,41.54
Black,26.4,61.5,132.8,89.58
Clay,26.9,80.8,142.4,77.25
Alluvial,27.2,44.9,67.2,80.25
Clay,36.4,48.6,139.5,65.19
Clay,36.0,67.8,129.3,70.39
Loamy,30.9,42.9,119.2,77.98
Clay,32.5,31.3,125.0,74.0
Clay,18.9,82.1,110.4,92.17
Clay,22.9,53.6,120.5,72.11
Laterite,30.0,82.4,40.4,50.91
Alluvial,30.9,53.8,136.1,70.5
Loamy,20.2,85.9,11.5,43.84
Loamy,30.4,35.2,89.0,94.56
Red,22.8,80.2,23.9,58.38
Red,37.4,61.0,37.5,40.96
Sandy,20.0,86.1,55.8,48.16
Red,22.8,63.9,32.2,37.64
Clay,23.4,50.0,104.9,87.59
Red,39.4,43.6,61.4,91.4
Laterite,34.3,49.4,95.5,86.52
Black,38.3,55.0,93.7,72.25
Sandy,26.0,53.5,132.8,86.54
Loamy,21.7,62.0,54.3,41.17
Red,34.0,48.8,114.8,67.23
Laterite,36.8,46.0,136.8,71.31
Red,28.3,82.9,133.5,72.02
Black,24.5,35.9,11.5,27.26
Black,28.2,64.3,23.4,59.5
Laterite,26.9,71.5,136.2,72.07
Loamy,22.2,34.4,63.3,86.9
Laterite,20.5,38.3,64.0,70.8
Black,33.1,49.6,40.1,42.69
Red,35.8,46.7,93.0,72.63
Red,28.9,48.1,106.8,70.78
Clay,30.6,55.4,93.4,90.89
Loamy,23.7,84.5,133.5,88.35
Laterite,35.0,47.6,54.2,52.52
Black,36.7,85.7,85.8,86.01
Alluvial,37.4,42.3,103.7,80.27
Sandy,37.7,85.8,23.8,35.34
Alluvial,37.6,31.0,8.4,11.89
Red,19.7,35.3,133.6,68.46
Red,24.7,76.9,100.8,65.9
Laterite,37.4,79.5,33.7,53.3
Clay,30.5,53.8,52.4,54.91
Clay,34.3,78.3,149.1,74.46
Black,25.0,61.5,51.2,53.83
Laterite,31.5,48.8,40.8,36.58
Loamy,19.1,65.9,148.2,70.18
Loamy,34.8,73.2,149.8,92.89
Clay,28.3,42.8,100.9,65.68
Laterite,25.0,63.9,138.0,69.24
Black,18.1,42.4,41.9,52.65
Laterite,27.9,42.2,110.2,89.72
Laterite,34.7,80.1,80.8,92.2
Clay,32.5,84.9,143.3,67.81
Red,37.1,64.0,64.0,77.68
Black,18.3,54.7,121.1,81.51
Laterite,30.9,67.0,22.0,50.12
Red,38.7,39.4,28.2,58.32
Sandy,23.2,77.9,67.0,84.09
Alluvial,30.9,39.5,143.6,78.57
Clay,39.8,45.4,27.3,35.63
Black,24.9,40.4,104.4,84.7
Sandy,29.1,70.3,106.3,83.56
Black,33.7,37.8,29.4,40.2
Black,35.0,39.7,146.4,79.08
Sandy,31.7,33.4,88.1,90.12
Clay,28.7,62.1,110.8,71.45
Black,26.0,61.1,62.9,65.22
Alluvial,22.5,86.2,88.4,79.2
Loamy,39.6,73.9,46.8,53.82
Red,19.9,38.8,18.6,21.47
Clay,39.3,57.5,136.0,94.22
Alluvial,35.0,53.0,70.0,91.84
Alluvial,31.2,43.1,75.6,67.94
Laterite,21.4,53.6,77.9,79.58
Loamy,18.7,70.2,82.9,65.41
Clay,33.2,82.0,34.1,39.02
Alluvial,36.0,78.2,133.8,74.92
Sandy,24.9,41.0,109.1,87.3
Black,29.6,69.5,106.0,68.56
Red,38.3,58.8,47.1,57.93
Black,32.1,65.5,110.1,89.88
Clay,37.5,47.6,37.3,41.14
Laterite,37.9,47.8,132.1,93.12
Sandy,37.9,78.5,40.3,35.76
Loamy,18.2,55.4,37.1,36.91
Clay,38.0,75.9,140.1,70.92
Loamy,39.9,70.8,127.7,69.62
Loamy,18.8,80.4,15.7,44.54
Laterite,36.9,34.0,73.8,68.09
Sandy,32.9,51.9,74.2,65.15
Red,22.1,57.3,146.7,73.4
Black,27.3,54.2,83.5,77.01
Laterite,33.3,79.6,73.1,72.0
Sandy,21.1,50.5,85.9,88.9
Black,34.3,77.2,126.3,83.04
Alluvial,35.4,54.1,94.3,90.33
Laterite,26.0,48.5,140.1,73.86
Clay,23.0,60.0,145.4,82.68
Laterite,32.2,71.4,35.1,48.91
Alluvial,19.9,73.9,114.6,92.65
Clay,28.6,53.6,69.4,65.83
Loamy,37.0,36.0,121.3,81.42
Red,21.3,71.5,8.2,36.11
Black,18.2,56.5,25.5,55.38
Black,25.3,44.9,74.4,69.64
Alluvial,31.2,37.9,89.9,91.71
Alluvial,32.0,78.1,149.0,74.73
Black,32.0,30.4,52.2,46.37
Loamy,29.1,44.1,70.4,78.67
Black,34.2,34.8,148.9,68.55
Laterite,35.0,66.5,126.0,84.56
Clay,23.9,78.2,74.3,81.6
Alluvial,39.7,43.5,107.1,66.49
Sandy,28.7,47.4,44.0,39.02
Clay,20.5,72.7,39.1,50.66
Loamy,18.5,62.7,92.1,70.99
Loamy,20.7,35.5,80.9,78.01
Red,25.5,86.5,122.4,83.62
Alluvial,22.5,60.4,105.1,88.76
Red,38.2,50.2,124.7,70.53
Laterite,28.2,53.7,23.3,52.58
Laterite,18.8,58.8,61.4,90.31
Black,26.5,49.3,47.3,51.54
Clay,35.8,42.8,9.7,20.24
Alluvial,23.1,75.4,124.1,93.25
Red,36.8,42.2,111.2,87.33
Alluvial,18.3,45.5,115.0,92.88
Alluvial,20.8,70.7,136.6,84.59
Loamy,18.5,82.7,26.3,50.98
Laterite,31.1,42.3,54.8,35.97
Loamy,21.9,42.7,145.6,85.02
Sandy,31.0,35.0,104.9,77.82
Alluvial,26.2,56.7,40.8,49.08
Loamy,22.4,40.6,14.0,26.7
Clay,35.7,68.1,6.3,55.74
Clay,36.9,86.3,63.3,78.93
Loamy,23.2,73.5,89.2,88.22
Alluvial,35.9,63.0,85.9,83.81
Loamy,26.5,53.5,132.2,72.86
Loamy,18.1,62.6,86.2,75.6
Black,21.3,89.3,140.9,69.77
Loamy,37.2,79.9,145.3,94.11
Loamy,30.9,83.6,70.0,82.21
Sandy,19.8,52.6,53.2,53.71
Laterite,37.3,43.8,101.9,85.44
Laterite,18.4,86.0,13.8,53.15
Sandy,30.8,40.1,98.8,65.51
Clay,21.3,85.0,74.2,66.86
Clay,35.3,33.4,115.8,82.3
Sandy,20.4,64.9,113.1,83.85
Sandy,21.6,42.9,72.3,82.26
Red,28.6,63.7,69.0,93.32
Alluvial,26.2,31.2,126.4,80.49
Laterite,34.5,61.8,143.4,84.99
Loamy,18.9,70.8,5.1,44.0
Black,34.4,73.6,30.3,45.41
Black,24.6,44.2,113.4,75.1
Black,24.9,66.7,147.2,85.47
Sandy,29.2,56.4,125.9,73.72
Black,21.8,50.6,138.0,90.83
Clay,19.6,63.3,33.4,46.0
Sandy,30.7,86.7,147.0,72.11
Loamy,21.5,47.0,57.0,51.26
Clay,32.4,43.3,64.0,94.81
Clay,38.1,39.2,78.4,70.4
Laterite,24.5,51.0,107.2,68.82
Loamy,23.6,51.8,141.7,87.75
Sandy,20.3,51.2,49.7,37.23
Black,25.2,62.8,148.2,79.81
Black,35.6,60.9,147.5,74.92
Loamy,37.6,36.5,40.8,59.95
Loamy,38.7,78.2,55.3,59.8
Alluvial,39.7,89.6,113.7,86.41
Loamy,23.5,53.7,129.3,90.09
Clay,35.0,88.6,117.7,67.28
Loamy,27.8,60.8,113.5,93.16
Clay,20.7,74.9,85.1,65.72
Loamy,34.0,59.5,10.4,48.29
Alluvial,24.4,71.9,101.6,91.49
Clay,39.3,32.0,17.7,25.29
Red,22.5,85.0,25.4,40.06
Sandy,35.6,75.1,105.6,76.93
Alluvial,19.0,51.2,8.1,42.87
Black,39.3,72.1,146.1,84.97
Loamy,22.4,86.2,57.3,41.14
Loamy,21.7,58.0,95.3,87.36
Laterite,20.9,66.9,25.2,52.85
Black,36.5,86.8,116.1,75.01
Alluvial,27.2,73.5,143.8,72.65
Loamy,34.1,46.5,94.3,72.01
Loamy,21.1,48.2,48.2,53.47
Alluvial,38.2,80.9,94.1,74.98
Loamy,28.3,41.1,15.6,16.07
Clay,39.3,56.9,109.4,88.55
Loamy,34.9,56.6,105.8,77.23
Laterite,38.7,30.5,108.9,91.1
Red,29.3,88.5,79.3,76.45
Red,26.2,51.1,87.4,69.3
Clay,28.1,49.6,64.9,93.24
Red,18.3,52.2,113.1,73.14
Laterite,18.0,77.9,108.3,65.23
Laterite,18.3,56.9,92.5,66.45
Alluvial,28.3,67.2,138.2,69.43
Laterite,24.1,78.8,7.4,43.35
Loamy,37.6,78.8,120.1,83.47
Red,23.9,32.3,43.7,56.16
Sandy,33.2,55.9,66.9,72.89
Red,30.8,84.6,71.0,65.19
Laterite,38.8,34.5,69.1,69.73
Clay,21.7,63.4,48.0,57.25
Red,21.6,56.3,147.8,66.76
Red,28.8,89.2,36.5,38.87
Sandy,28.0,38.6,66.3,85.21
Sandy,21.1,46.0,50.5,41.58
Black,34.7,47.3,82.6,69.28
Black,31.4,78.8,82.5,79.82
Alluvial,24.2,83.9,139.5,93.31
Clay,29.5,39.5,74.4,78.32
Sandy,36.0,45.4,32.6,42.0
Black,31.4,67.4,47.8,49.26
Laterite,27.9,83.3,29.0,44.78
Sandy,18.3,70.1,87.4,83.4
Black,27.4,68.9,131.7,65.09
Sandy,36.6,55.5,113.4,76.29
Red,33.5,45.6,44.1,52.7
Laterite,35.2,56.6,14.9,37.13
Sandy,29.3,87.1,134.9,68.15
Red,34.5,55.0,90.4,77.3
Black,18.7,52.6,124.8,78.38
Laterite,32.1,57.0,122.0,79.61
Laterite,27.1,59.9,109.9,67.45
Clay,25.9,36.0,123.9,77.66
Black,22.3,55.3,35.5,42.0
Black,29.5,71.5,101.3,70.98
Alluvial,32.4,54.8,45.8,46.96
Clay,29.4,43.2,25.1,53.08
Red,25.3,38.4,139.1,74.94
Loamy,29.0,64.7,9.1,53.64
Black,29.2,89.2,33.4,41.51
Laterite,20.8,87.1,120.2,89.21
Clay,39.2,66.8,5.5,41.62
Clay,26.8,70.5,79.0,73.08
Loamy,25.0,49.7,43.8,50.91
Clay,28.6,71.3,91.6,78.57
Laterite,28.1,76.9,145.3,93.16
Black,34.5,76.4,16.9,42.68
Sandy,34.2,51.7,130.8,67.32
Alluvial,26.5,82.3,11.0,56.79
Black,31.0,69.3,25.5,54.11
Black,39.5,45.5,113.3,81.84
Loamy,24.8,83.1,79.6,69.26
Alluvial,23.8,51.1,45.2,57.02
Loamy,26.6,34.7,56.7,44.55
Red,28.9,46.4,24.3,44.18
Clay,31.5,50.7,125.4,69.51
Red,35.2,38.1,7.5,21.78
Loamy,23.6,51.3,146.7,79.05
Black,28.5,64.2,118.6,77.48
Loamy,22.0,85.1,83.8,87.43
Laterite,31.2,45.3,66.5,78.21
Sandy,28.7,53.9,44.8,39.11
Black,22.8,37.7,146.9,85.34
Laterite,27.0,51.4,106.1,80.46
Alluvial,22.9,31.1,34.5,53.93
Black,36.4,35.9,110.3,75.48
Alluvial,19.7,84.4,89.9,88.35
Loamy,28.7,86.9,85.4,83.18
Sandy,31.9,62.5,53.9,51.52
Alluvial,30.5,47.5,25.1,54.66
Red,26.5,89.6,138.2,86.23
Clay,31.0,41.0,133.6,86.4
Laterite,30.2,39.1,112.4,92.02
Loamy,26.0,42.3,65.1,80.91
Red,38.6,42.7,26.3,40.43
Alluvial,21.6,85.2,27.7,44.22
Sandy,20.8,43.0,8.6,22.52
Loamy,33.1,56.4,52.3,50.88
Loamy,39.9,47.1,86.6,91.84
Clay,32.6,69.3,23.0,45.2
Clay,39.0,70.7,136.3,91.97
Sandy,31.6,38.6,104.8,78.15
Red,26.7,80.8,73.1,93.78
Alluvial,18.9,44.2,51.4,49.26
Sandy,23.3,82.7,116.6,88.82
Clay,29.2,55.4,118.6,81.61
Red,23.5,77.4,88.3,80.26
Laterite,18.0,68.4,14.3,41.58
Sandy,36.8,39.0,86.4,67.43
Clay,27.2,67.5,51.4,53.69
Sandy,27.6,52.0,55.8,57.13
Alluvial,27.3,67.7,54.7,54.58
Clay,28.7,70.6,71.1,73.98
Sandy,38.4,61.2,72.7,75.47
Black,37.9,39.1,100.2,80.91
Clay,28.5,84.9,83.2,82.98
Laterite,37.4,80.1,44.2,56.47
Black,25.6,82.5,48.1,59.28
Sandy,30.3,72.7,122.4,91.44
Sandy,26.8,60.2,133.1,91.33
Alluvial,39.1,74.4,94.8,77.45
Black,28.2,32.6,105.4,69.75
Black,19.4,60.3,22.7,44.26
Black,28.2,62.0,51.4,53.87
Laterite,27.8,78.3,65.0,68.43
Alluvial,35.4,45.0,120.7,85.64
Alluvial,30.2,77.6,88.4,85.12
Alluvial,31.3,55.3,55.2,46.49
Red,24.0,72.9,106.7,87.32
Laterite,26.5,34.1,85.2,85.4
Red,24.8,86.5,140.2,73.06
Red,33.1,74.6,125.9,74.81
Laterite,31.3,48.4,7.0,46.8
Red,27.7,72.8,78.3,74.48
Sandy,34.0,35.8,19.3,28.78
Alluvial,20.8,61.1,23.4,59.46
Laterite,31.6,69.3,42.4,59.84
Clay,39.7,51.9,121.5,90.59
Laterite,23.6,83.5,103.2,85.12
Red,33.6,67.0,8.7,54.69
Clay,33.3,42.6,36.2,55.78
Alluvial,35.2,85.8,107.7,76.99
Clay,18.6,62.8,64.4,72.97
Loamy,28.2,83.8,85.3,65.39
Loamy,18.3,78.1,121.1,90.15
Clay,33.1,77.7,98.7,90.37
Black,32.2,38.1,33.1,51.62
Loamy,22.3,85.7,125.9,94.31
Sandy,27.3,66.8,25.7,51.11
Red,35.1,64.5,93.2,79.76
Laterite,30.7,36.4,149.1,78.11
Sandy,33.0,30.6,128.8,69.74
Red,34.7,56.4,147.6,84.17
Black,20.1,46.6,33.9,52.54
Laterite,18.2,39.9,18.0,20.69
Sandy,20.0,87.5,122.3,68.07
Loamy,37.3,58.9,68.5,88.16
Black,24.4,75.1,107.4,69.57
Laterite,22.3,81.6,112.8,71.9
Black,28.3,56.2,89.2,74.9
Sandy,18.5,83.0,100.2,69.91
Red,24.0,79.0,148.2,70.34
Black,20.6,55.3,68.2,86.22
Black,37.5,55.1,91.9,80.12
Sandy,25.9,68.4,121.0,93.48
Alluvial,24.0,55.5,107.7,65.97
Clay,20.8,30.7,48.0,59.33
Alluvial,23.0,66.3,86.1,76.86
Alluvial,21.9,72.5,74.3,77.92
Laterite,27.8,37.0,39.5,44.3
Black,36.8,85.0,130.6,76.41
Sandy,27.7,65.4,25.5,53.48
Clay,21.5,66.6,38.6,53.83
Laterite,24.4,59.2,97.2,70.38
Alluvial,38.8,83.3,66.5,70.74
Clay,30.5,62.1,60.9,86.58
Sandy,30.5,43.4,51.7,52.41
Black,32.7,34.5,25.9,36.27
Alluvial,36.2,62.0,99.1,66.03
Black,33.1,31.3,95.8,84.04
Clay,18.3,52.4,136.7,75.12
Loamy,34.9,79.0,94.3,81.39
Clay,24.8,53.6,74.8,85.7
Red,25.9,84.9,44.7,37.68
Black,29.5,59.3,82.9,91.64
Red,32.1,55.6,90.7,93.75
Laterite,21.0,73.5,88.5,69.78
Red,39.1,78.9,80.8,79.87
Laterite,27.5,33.4,137.3,67.04
Loamy,33.5,57.7,47.0,44.84
Sandy,27.4,37.5,46.9,45.59
Black,38.6,60.8,148.2,78.24
Sandy,32.4,81.0,99.5,68.02
Clay,27.1,69.3,18.0,58.43
Black,33.3,87.4,22.6,49.7
Alluvial,19.2,61.3,107.8,76.18
Laterite,39.9,38.9,78.8,90.71
Black,32.7,70.4,16.4,35.67
Sandy,26.4,84.0,99.7,77.73
Sandy,18.5,85.4,34.2,36.76
Red,34.2,55.6,87.4,66.09
Clay,29.5,80.2,102.9,87.32
Loamy,38.5,57.7,42.0,44.66
Red,30.0,34.1,79.6,72.28
Black,32.5,62.2,113.6,94.71
Black,27.3,65.4,11.7,44.02
Laterite,26.0,43.1,81.5,86.37
Laterite,23.3,51.3,42.2,42.54
Red,32.4,75.5,38.1,50.52
Red,33.9,43.4,120.4,70.98
Black,31.4,76.9,124.0,91.18
Loamy,29.3,86.0,108.3,72.9
Laterite,22.9,64.8,147.5,67.48
Sandy,26.9,87.8,123.0,84.7
Black,19.0,79.2,64.5,69.4
Laterite,21.9,78.9,40.0,53.85
Loamy,39.4,52.8,77.3,75.07
Clay,23.1,81.4,21.6,40.9
Black,23.2,88.6,127.4,86.0
Black,31.2,81.3,62.3,91.08
Sandy,27.2,51.0,69.6,77.62
Alluvial,20.3,87.1,29.9,47.58
Black,24.1,36.5,48.8,48.83
Black,38.1,87.2,46.4,57.56
Red,32.2,56.3,96.1,91.65
Sandy,28.8,48.5,73.1,74.92
Sandy,26.6,76.0,135.5,69.95
Loamy,39.6,31.3,77.7,78.17
Laterite,36.9,74.3,132.5,93.97
Alluvial,39.5,60.8,111.2,89.7
Loamy,36.9,83.7,50.1,57.8
Black,27.9,85.2,84.8,72.19
Alluvial,39.6,44.8,141.6,65.34
Sandy,31.3,53.0,132.7,69.47
Sandy,18.3,51.9,148.3,69.11
Alluvial,19.6,60.0,36.1,59.61
Sandy,24.8,70.2,110.2,83.38
Black,19.5,44.2,104.1,73.45
Black,24.3,65.5,56.7,48.64
Alluvial,30.6,84.0,24.8,41.7
Clay,22.5,41.3,86.2,81.09
Loamy,20.2,43.8,13.8,10.97
Red,19.3,58.0,103.6,82.4
Clay,28.6,61.8,47.5,49.01
Laterite,30.9,74.5,90.6,72.94
Clay,28.2,45.4,117.5,72.73
Alluvial,35.0,57.8,139.1,86.32
Sandy,24.3,68.4,106.1,66.88
Red,28.1,72.0,51.8,55.59
Laterite,21.8,64.1,28.6,37.76
Black,24.3,49.2,140.7,91.43
Clay,23.0,73.0,98.7,82.46
Laterite,22.0,75.2,69.9,94.41
Alluvial,18.1,48.6,133.7,76.96
Alluvial,25.5,66.3,51.3,56.4
Laterite,19.4,71.4,113.2,65.15
Black,18.7,49.3,144.2,71.82
Laterite,19.4,44.1,58.2,49.33
Red,19.6,82.9,62.2,79.08
Laterite,32.2,61.5,112.0,93.58
Black,24.2,59.4,53.3,52.4
Clay,18.4,42.3,18.5,20.32
Black,24.9,46.9,101.7,81.59
Red,25.2,59.1,119.8,76.56
Sandy,36.0,61.1,30.3,44.25
Black,20.4,65.1,41.7,47.13
Clay,34.9,64.3,91.2,70.48
Alluvial,39.5,76.7,61.7,84.2
Red,22.0,42.3,28.9,49.08
Alluvial,26.0,65.3,18.0,58.87
Alluvial,19.4,62.3,81.4,79.68
Loamy,18.1,71.1,29.7,50.48
Laterite,28.8,66.5,7.4,54.7
Laterite,30.2,86.3,125.3,86.93
Black,33.3,71.9,129.2,73.09
Alluvial,35.9,56.6,61.9,66.81
Red,23.9,76.0,134.8,94.04
Clay,24.7,57.3,119.6,74.9
Clay,18.8,68.4,109.1,87.84
Laterite,21.0,73.1,69.6,75.5
Alluvial,27.6,31.4,47.9,39.77
Black,18.8,63.3,149.0,81.93
Red,21.2,77.7,148.3,79.65
Clay,25.4,49.5,122.5,65.76
Alluvial,30.0,44.2,119.2,90.51
Sandy,37.8,66.4,40.2,50.96
Loamy,32.8,51.9,64.2,91.45
Alluvial,24.7,72.9,80.3,90.93
Clay,36.8,52.4,139.4,80.46
Clay,18.6,78.7,54.4,47.15
Black,36.9,79.0,75.5,85.28
Clay,37.6,75.0,11.5,37.22
Loamy,24.9,35.6,111.8,87.04
Clay,32.0,50.2,85.1,94.57
Clay,20.6,38.4,117.4,91.51
Laterite,19.3,55.0,129.0,85.28
Loamy,24.0,34.5,140.5,91.44
Red,30.6,34.2,67.0,90.41
Black,38.7,32.7,45.8,58.47
Black,38.4,84.0,113.9,78.1
Black,26.3,46.7,91.3,68.05
Laterite,21.8,76.1,73.6,93.65
Sandy,34.2,84.8,133.5,77.61
Loamy,28.9,34.0,25.2,47.96
Loamy,27.9,51.7,47.3,36.14
Loamy,26.6,60.5,38.0,44.79
Black,24.4,87.5,128.6,86.09
Black,30.4,68.4,64.0,87.37
Laterite,23.7,79.3,147.4,87.2
Red,33.6,71.9,90.7,77.03
Clay,25.6,87.2,95.7,85.6
Loamy,22.5,44.6,105.6,84.69
Laterite,28.2,42.9,22.9,18.84
Alluvial,21.2,58.4,9.3,54.62
Laterite,31.6,47.9,147.2,82.89
Red,29.0,63.4,11.9,53.92
Black,22.8,50.6,75.4,69.39
Alluvial,31.2,73.8,139.2,70.78
Clay,34.9,74.6,139.8,85.88
Sandy,22.2,47.4,119.8,74.24
Clay,22.1,59.4,136.7,84.88
Laterite,24.3,51.2,85.2,78.27
Alluvial,20.2,63.7,45.1,50.11
Clay,18.4,73.4,117.0,70.42
Loamy,24.9,78.5,98.1,93.86
Sandy,33.6,32.5,28.5,36.9
Sandy,39.5,69.9,77.2,71.28
Black,19.6,58.4,56.2,41.17
Laterite,37.9,59.6,51.9,46.42
Alluvial,23.7,80.1,62.7,89.21
Alluvial,18.4,57.2,105.1,74.34
Laterite,24.9,65.8,137.0,68.39
Loamy,18.1,81.5,102.7,71.98
Sandy,37.2,75.3,146.6,65.02
Laterite,36.7,64.5,77.5,76.67
Loamy,30.8,62.9,47.9,57.55
Black,32.2,48.7,14.4,42.94
Laterite,25.4,56.1,139.1,77.06
Laterite,20.2,83.7,55.7,43.14
Sandy,33.8,36.1,50.8,43.4
Loamy,29.8,85.5,143.3,85.32
Loamy,22.7,84.8,81.2,72.24
Alluvial,19.3,45.8,143.6,67.2
Clay,40.0,84.5,9.2,59.17
Loamy,20.2,56.6,5.9,52.33
Black,39.5,81.6,109.2,93.31
Sandy,39.8,83.8,144.7,70.03
Laterite,29.0,77.3,24.5,49.86
Alluvial,28.8,77.0,141.0,77.65
Sandy,37.0,48.8,22.4,59.11
Alluvial,31.3,83.7,33.2,40.87
Alluvial,37.9,75.5,140.8,86.6
Laterite,39.9,76.2,32.9,52.45
Alluvial,35.9,36.4,6.8,19.76
Clay,24.1,67.8,117.4,83.08
Laterite,19.4,41.3,39.4,59.0
Clay,31.4,51.2,104.8,84.17
Sandy,34.1,67.1,41.7,58.97
Clay,29.9,51.2,87.6,89.89
Clay,39.1,74.1,74.9,77.38
Black,20.3,36.3,148.0,82.38
Sandy,18.6,62.3,136.2,65.07
Clay,19.3,52.2,40.0,37.19
Black,23.0,30.0,30.0,57.6
Clay,37.9,73.9,6.2,55.64
Sandy,29.4,56.4,29.1,40.98
Laterite,30.5,83.0,97.9,86.08
Clay,30.5,69.7,91.4,70.53
Loamy,27.9,87.8,16.0,43.54
Black,21.8,62.1,75.7,73.49
Laterite,34.9,66.6,128.0,93.77
Loamy,30.0,54.4,71.9,79.37
Red,37.1,44.4,81.1,80.81
Red,21.7,38.3,83.5,66.54
Alluvial,29.0,38.2,30.6,46.93
Red,21.5,69.7,66.8,80.77
Loamy,32.1,65.3,135.8,73.47
Black,24.7,69.8,108.1,82.8
Black,39.3,30.1,14.5,22.29
Red,19.9,59.9,118.8,94.51
Sandy,29.1,69.6,44.9,41.79
Sandy,35.4,52.1,133.9,84.74
Red,32.0,35.8,134.6,79.07
Loamy,29.2,85.1,102.5,75.03
Laterite,18.6,82.9,93.5,76.72
Red,28.3,77.6,115.2,70.53
Laterite,30.1,73.3,19.6,42.59
Alluvial,34.9,67.3,31.8,50.23
Red,22.1,88.1,121.3,80.24
Alluvial,32.6,45.5,34.2,53.16
Red,38.6,75.1,130.2,87.35
Loamy,39.1,63.1,18.7,39.7
Laterite,33.2,49.5,25.8,43.04
Clay,31.7,62.7,130.8,65.9
Red,33.9,42.6,135.4,65.97
Red,35.9,69.4,46.6,37.9
Sandy,26.1,37.8,92.4,92.48
Sandy,24.4,64.8,147.3,76.84
Sandy,24.8,50.0,70.5,69.84
Clay,35.1,86.3,110.3,77.81
Clay,25.0,53.8,55.6,59.84
Alluvial,25.6,88.2,126.2,74.51
Laterite,27.2,45.4,25.6,37.04
Red,34.5,55.6,140.1,92.04
Red,20.2,60.8,100.9,72.67
Clay,24.8,78.9,75.0,69.78
Laterite,35.1,64.3,41.2,47.56
Black,34.4,82.0,148.0,80.43
Red,28.1,62.8,32.6,46.15
Black,25.8,71.4,11.3,58.14
Clay,30.0,67.8,135.6,82.94
Black,32.6,34.8,97.4,74.24
Alluvial,26.4,33.6,138.4,66.5
Laterite,38.9,31.2,94.5,75.62
Black,19.9,31.5,107.7,75.0
Black,20.5,79.7,5.2,49.65
Clay,33.1,64.4,118.9,65.87
Red,19.9,67.6,110.5,76.84
Red,31.2,83.5,120.8,69.34
Clay,28.6,65.7,9.3,38.94
Sandy,36.9,81.6,17.3,50.34
Red,29.1,72.5,60.8,71.58
Laterite,25.4,36.9,19.5,11.82
Clay,26.6,74.3,128.7,68.44
Black,32.1,80.8,24.9,39.92
Loamy,36.1,48.4,16.0,52.74
Loamy,37.7,82.1,76.3,73.87
Laterite,32.7,59.7,87.1,65.76
Black,37.6,62.5,98.7,66.73
Loamy,30.0,66.7,37.9,47.5
Sandy,26.6,64.8,48.0,47.82
Sandy,33.0,72.4,31.4,43.92
Laterite,23.8,54.0,79.3,83.97
Alluvial,23.9,80.9,22.3,56.93
Laterite,35.7,60.1,43.9,35.35
Red,28.9,52.1,24.2,49.53
Alluvial,35.3,41.4,131.6,67.08
Black,29.7,80.4,101.0,85.52
Clay,30.7,70.9,9.0,42.4
Laterite,34.0,66.3,47.4,57.44
Sandy,38.1,38.0,59.2,47.21
Black,19.4,58.1,140.4,78.65
Clay,37.0,55.9,78.2,70.08
Sandy,30.1,71.8,24.8,57.78
Loamy,25.4,38.0,87.8,71.59
Alluvial,23.6,82.9,32.2,40.11
Black,35.6,78.5,13.0,39.47
Laterite,35.1,38.2,77.4,72.94
Sandy,21.8,66.7,111.6,85.71
Laterite,39.5,80.2,101.5,66.13
Alluvial,19.8,35.4,52.0,56.02
Sandy,36.3,61.4,64.7,94.13
Alluvial,35.4,58.9,61.8,81.75
Black,19.9,87.6,46.0,57.16
Sandy,21.3,59.8,92.3,77.85
Red,34.3,53.1,120.7,70.98
Alluvial,35.8,32.6,79.0,86.45
Red,39.2,77.2,55.4,47.71
Loamy,39.0,38.6,75.0,93.02
Laterite,26.1,85.7,39.4,52.29
Clay,20.8,70.5,40.0,56.31
Black,31.5,39.4,137.6,77.64
Clay,27.1,47.9,63.3,68.57
Alluvial,38.0,39.2,22.2,26.63
Red,38.1,53.4,132.7,71.96
Laterite,27.0,63.6,47.8,51.0
Clay,28.6,84.9,11.9,56.41
Sandy,27.4,85.8,34.5,41.01
Alluvial,31.3,77.4,22.1,38.75
Clay,18.0,49.3,132.1,80.85
Laterite,24.1,40.4,80.4,67.4
Red,22.0,75.6,109.6,68.99
Black,31.6,51.0,144.8,92.34
Alluvial,36.9,86.0,23.3,43.19
Clay,38.4,64.4,142.4,67.15
Laterite,38.7,70.3,15.6,37.71
Loamy,18.4,89.7,124.8,77.53
Red,33.9,48.9,31.6,55.66
Alluvial,29.8,70.9,134.9,68.43
Laterite,19.4,63.3,89.2,66.93
Red,26.3,65.5,66.0,85.34
Loamy,37.8,89.4,66.0,73.88
Black,25.2,65.0,37.9,53.62
Laterite,34.8,65.9,11.5,51.45
Sandy,26.2,45.0,111.4,79.48
Red,27.0,87.8,6.2,56.99
Sandy,20.5,78.8,64.1,71.01
Loamy,39.0,46.7,129.5,67.34
Black,31.7,83.7,123.9,83.93
Black,36.0,48.4,37.9,57.83
Laterite,36.1,46.7,73.9,91.41
Sandy,21.5,39.6,69.3,70.26
Black,30.4,59.1,125.4,72.17
Red,25.9,73.4,51.6,57.94
Loamy,29.0,61.4,126.1,80.48
Laterite,39.7,75.8,132.4,87.7
Loamy,30.9,41.5,139.9,87.17
Loamy,23.8,45.4,76.2,75.84
Loamy,33.9,69.6,11.8,41.63
Black,31.6,34.3,127.2,86.51
Loamy,25.5,42.8,31.2,35.05
Loamy,33.4,70.4,105.6,80.34
Laterite,33.0,85.2,131.8,74.13
Sandy,18.7,86.3,55.8,52.98
Red,31.2,66.7,85.8,87.0
Black,39.9,70.8,58.7,58.3
Sandy,23.2,67.5,13.7,57.43
Sandy,37.7,63.7,146.0,78.4
Loamy,18.7,37.4,92.0,92.89
Black,32.0,31.5,32.4,42.49
Alluvial,35.0,34.7,117.9,82.52
Loamy,34.7,61.0,149.6,84.64
Clay,20.6,62.4,62.6,78.12
Sandy,37.7,66.4,60.4,88.21
Sandy,18.7,53.8,71.1,65.65
Black,25.0,75.2,67.7,73.25
Loamy,35.7,88.5,46.9,36.24
Alluvial,21.7,71.1,73.5,92.77
Laterite,28.3,36.8,97.2,93.57
Clay,33.3,51.9,94.8,90.28
Laterite,38.6,67.4,51.7,41.77
Laterite,26.7,77.4,8.9,42.42
Red,26.2,65.2,32.6,50.77
Clay,24.7,56.6,97.0,90.51
Alluvial,23.8,78.0,133.4,80.37
Black,31.0,61.6,129.9,74.47
Alluvial,39.8,40.9,133.9,66.14
Black,20.3,81.5,130.7,79.52
Sandy,33.9,85.3,7.8,52.9
Laterite,24.3,83.3,141.3,85.25
Red,37.8,71.3,62.9,81.69
Laterite,31.9,43.5,6.4,26.34
Sandy,33.5,71.9,94.7,83.23
Laterite,24.8,42.8,61.9,69.21
Red,24.6,70.8,119.8,72.31
Laterite,22.5,60.3,104.0,86.43
Clay,32.4,39.9,33.2,49.43
Red,35.4,47.8,119.1,85.38
Laterite,29.9,87.9,11.2,53.09
Sandy,25.6,54.7,97.8,75.05
Laterite,37.9,78.0,12.2,49.05
Red,21.0,35.4,119.9,77.51
Sandy,25.5,44.3,45.7,59.29
Alluvial,37.7,62.0,92.4,78.02
Laterite,33.6,71.2,12.8,51.07
Sandy,37.5,37.8,149.2,90.03
Red,31.2,85.3,13.4,46.3
Alluvial,26.3,38.8,63.0,69.76
Laterite,36.5,77.8,110.8,78.72
Loamy,33.8,55.5,144.0,86.42
Loamy,32.1,52.2,9.6,58.86
Sandy,25.7,48.2,9.9,47.66
Red,34.5,79.4,124.0,68.89
Red,27.7,59.5,121.7,86.28
Alluvial,30.8,47.4,114.6,76.99
Black,35.8,31.1,90.1,66.9
Sandy,37.9,85.7,45.7,43.58
Black,20.8,59.1,121.7,92.32
Black,33.1,55.1,37.1,36.97
Red,24.4,54.3,89.5,70.99
Clay,30.1,40.2,62.2,79.37
Laterite,27.4,30.0,83.4,87.11
Clay,27.3,55.1,148.9,93.71
Black,23.4,34.1,135.3,90.37
Alluvial,38.0,74.9,128.2,89.39
Alluvial,30.8,54.4,27.8,35.99
Red,29.0,54.5,107.0,78.89
Laterite,27.0,36.3,114.9,86.41
Clay,26.8,72.2,31.0,54.5
Laterite,32.0,34.7,96.3,80.74
Loamy,20.9,75.9,131.8,78.86
Laterite,33.1,84.6,111.5,82.24
Loamy,36.2,34.4,125.7,78.48
Clay,39.7,48.8,44.3,59.77
Clay,23.6,49.7,127.4,74.26
Laterite,19.8,40.4,106.6,90.29
Loamy,39.0,79.1,67.3,77.51
Loamy,34.1,68.4,74.0,81.99
Black,23.5,47.3,68.6,72.41
Laterite,28.5,78.6,28.4,43.18
Alluvial,22.9,89.5,71.7,87.25
Loamy,39.9,52.0,107.7,81.86
Black,29.2,74.5,88.7,93.33
Red,24.3,83.8,58.4,54.36
Loamy,29.4,67.9,98.9,83.03
Clay,23.0,37.1,21.3,15.71
Laterite,33.0,85.7,70.1,94.1
Loamy,20.5,38.0,48.1,56.27
Clay,27.0,44.1,104.2,78.85
Laterite,21.3,32.7,6.5,15.76
Alluvial,23.3,48.8,60.4,65.29
Laterite,28.8,57.9,99.1,91.59
Clay,28.8,72.4,127.2,78.87
Laterite,35.6,70.0,127.7,82.02
Clay,18.6,48.2,140.5,91.9
Sandy,27.9,68.7,23.2,56.76
Black,38.7,34.6,71.1,74.6
Loamy,22.8,58.6,129.2,75.72
Sandy,20.5,52.6,20.9,57.14
Red,33.9,38.3,106.6,89.95
Loamy,23.3,59.9,53.5,40.16
Alluvial,24.1,63.5,66.1,78.05
Sandy,27.4,66.4,91.0,85.11
Red,35.0,85.5,140.2,84.11
Laterite,24.6,57.8,29.0,41.88
Alluvial,29.6,72.7,140.5,86.0
Red,20.9,33.7,60.8,80.76
Clay,30.6,72.4,11.9,49.38
Sandy,25.2,75.3,8.2,54.95
Sandy,29.0,41.9,18.1,26.13
Sandy,36.6,35.3,50.8,47.92
Laterite,29.8,76.7,24.8,58.49
Black,37.3,65.4,10.4,58.64
Sandy,28.9,48.3,130.9,72.08
Alluvial,18.8,30.7,111.9,80.88
Laterite,29.0,89.4,105.5,69.96
Black,35.7,39.5,103.0,82.57
Clay,34.3,31.1,117.5,65.01
Alluvial,36.2,89.4,100.2,93.12
Black,25.4,33.3,69.1,81.16
Red,21.1,73.6,119.5,74.88
Alluvial,39.7,87.5,126.7,90.07
Alluvial,24.1,83.6,39.7,40.22
Alluvial,26.6,62.9,66.2,92.99
Laterite,37.0,34.1,48.6,56.91
Clay,38.2,65.8,59.7,39.42
Laterite,20.0,31.7,46.0,37.5
Red,24.6,80.4,116.8,78.37
Red,27.2,49.1,66.7,86.18
Alluvial,35.5,63.6,62.5,82.74
Sandy,30.9,52.5,145.8,85.52
Sandy,32.2,40.8,110.3,83.8
Red,19.7,52.0,75.0,82.47
Sandy,22.6,65.8,142.0,81.69
Red,18.5,79.2,65.1,85.75
Red,21.8,65.5,98.4,79.59
Alluvial,38.3,48.4,125.8,91.64
Black,27.4,70.8,108.6,85.25
Alluvial,21.8,54.3,21.6,49.09
Clay,37.2,45.8,102.7,90.56
Alluvial,25.2,59.9,80.2,66.06
Sandy,26.4,38.3,10.7,24.44
Sandy,18.9,34.5,149.6,85.51
Red,18.5,61.9,46.7,37.29
Alluvial,19.6,38.8,64.7,85.02
Loamy,22.8,55.6,94.9,76.9
Black,23.1,46.2,25.9,48.41
Alluvial,24.2,64.0,58.4,48.49
Sandy,21.8,49.1,33.2,35.2
Black,40.0,65.6,71.6,85.46
Laterite,35.0,48.7,128.0,80.95
Alluvial,31.7,46.4,114.1,90.37
Red,34.9,88.9,68.2,65.38
Loamy,27.3,76.3,23.9,55.23
Sandy,30.5,30.4,24.9,11.78
Alluvial,22.7,34.6,54.4,56.98
Clay,34.0,58.4,51.3,37.49
Alluvial,35.8,88.1,90.3,70.69
Red,21.0,73.7,57.8,35.4
Clay,25.8,53.1,148.0,73.56
Loamy,20.7,87.4,111.6,69.46
Loamy,25.6,58.3,127.3,67.81
Laterite,32.2,73.9,68.4,70.08
Loamy,34.9,75.5,122.0,72.6
Black,24.0,65.9,57.5,50.38
Red,39.6,83.4,98.5,92.69
Loamy,32.9,54.9,21.9,51.62
Alluvial,35.3,38.2,31.4,41.82
Red,26.4,84.7,8.6,55.26
Alluvial,23.5,83.4,81.7,71.47
Red,26.6,89.5,11.4,54.45
Clay,29.4,40.6,130.8,74.27
Sandy,19.0,71.6,96.5,91.29
Clay,35.7,64.4,137.2,93.33
Alluvial,25.8,72.7,78.3,94.57
Sandy,36.4,42.2,5.6,27.62
Alluvial,33.5,57.4,87.3,86.12
Laterite,32.0,57.0,110.1,65.22
Clay,32.7,65.9,14.6,58.47
Red,28.2,52.1,44.9,53.32
Clay,20.2,73.0,13.2,57.79
Red,21.9,77.9,117.7,87.17
Loamy,28.6,38.5,139.7,93.15
Black,36.3,37.5,139.4,83.87
Black,38.3,34.5,139.7,91.64
Red,39.0,87.8,103.2,71.71
Laterite,22.9,85.1,82.6,88.98
Black,27.7,79.7,121.0,83.05
Sandy,19.3,56.8,45.0,38.44
Alluvial,36.3,87.2,5.3,43.4
Sandy,34.6,67.1,36.5,57.8
Sandy,32.4,59.4,87.0,76.63
Laterite,35.5,75.3,37.5,55.95
Black,20.1,50.8,112.7,68.34
Sandy,33.6,59.3,66.1,85.68
Sandy,19.9,70.4,142.4,83.43
Loamy,36.4,88.5,105.8,83.36
Red,21.8,38.1,69.6,91.84
Red,21.5,84.6,96.1,72.21
Red,27.8,75.0,145.0,92.84
Black,39.3,77.1,93.8,72.35
Laterite,22.2,70.2,31.1,51.47
Clay,29.1,83.0,116.4,86.0
Black,22.2,52.2,41.3,57.54
Red,31.3,32.4,126.4,93.47
Loamy,36.1,80.7,60.7,92.12
Loamy,19.6,40.0,37.6,51.07
Red,30.6,79.7,17.4,46.14
Black,33.1,55.0,65.1,90.62
Loamy,28.0,65.2,89.1,84.22
Loamy,26.4,41.0,26.0,56.08
Clay,35.8,36.8,67.2,86.51
Loamy,38.5,34.7,69.1,77.9
Clay,33.0,69.2,13.0,39.64
Alluvial,34.9,83.4,96.0,66.61
Sandy,35.2,83.4,75.4,81.15
Laterite,19.5,51.6,137.0,68.34
Alluvial,30.6,75.6,77.7,88.31
Sandy,39.6,31.8,56.9,45.79
Loamy,37.6,33.6,126.4,89.01
Loamy,33.4,81.8,34.1,51.89
Loamy,35.7,89.0,91.7,89.45
Clay,35.3,69.9,114.7,87.59
Clay,31.0,52.7,50.0,45.68
Sandy,33.5,75.8,60.6,91.47
Alluvial,22.5,42.2,96.1,85.7
Black,20.1,72.8,83.0,86.7
Clay,26.2,88.2,122.1,87.33
Loamy,32.6,46.2,131.4,84.29
Laterite,26.9,39.3,90.8,69.12
Laterite,38.5,58.3,130.6,69.54
Sandy,39.4,89.3,148.2,65.38
Red,19.4,45.4,129.3,70.55
Sandy,28.7,87.1,143.5,85.76
Loamy,21.2,40.9,70.9,67.23
Loamy,22.1,72.8,89.8,86.69
Laterite,33.0,69.6,97.9,65.35
Alluvial,31.8,38.9,83.7,74.16
Clay,27.6,88.0,138.6,77.9
Clay,34.5,38.9,84.7,73.45
Alluvial,39.2,77.3,30.0,35.87
Red,36.7,54.5,26.7,54.98
Red,32.0,44.9,72.6,74.17
Laterite,20.0,38.5,72.5,75.94
Clay,28.4,46.7,52.0,42.91
Loamy,29.4,67.7,46.8,45.17
Loamy,29.2,62.1,77.5,88.7
Sandy,37.0,82.0,51.6,54.99
Loamy,28.3,53.4,148.5,85.88
Loamy,18.9,88.7,40.0,53.57
Laterite,25.8,81.9,20.1,54.74
Red,19.3,48.9,64.2,82.49
Sandy,19.7,51.7,94.4,68.06
Alluvial,34.3,60.7,109.7,85.85
Sandy,23.9,41.1,98.9,77.01
Red,23.1,85.5,75.0,69.84
Red,33.5,45.3,65.9,86.58
Loamy,31.7,41.3,112.8,67.21
Red,36.7,35.6,142.1,73.39
Clay,33.8,53.2,107.4,77.62
Clay,25.9,63.8,146.9,93.13
Laterite,24.4,61.9,111.7,87.41
Laterite,38.4,68.0,23.2,50.58
Sandy,29.0,73.5,54.5,37.74
Sandy,25.8,57.2,24.9,57.52
Alluvial,18.7,87.6,122.6,74.53
Laterite,24.2,72.7,28.5,52.94
Red,36.3,55.1,142.0,67.85
Loamy,24.1,79.2,16.8,58.2
Sandy,32.7,52.5,57.5,50.89
Laterite,36.2,34.4,128.1,68.81
Red,18.6,54.5,143.9,75.78
Black,35.4,49.2,97.0,83.0
Alluvial,37.4,31.0,41.6,50.21
Laterite,27.4,44.6,78.3,66.06
Loamy,19.1,89.4,68.5,80.3
Clay,18.5,85.4,48.2,49.22
Laterite,31.7,62.6,24.8,45.84
Red,39.3,54.2,11.8,54.79
Alluvial,36.0,69.1,133.4,78.08
Sandy,34.4,80.5,34.5,44.43
Red,28.8,72.5,121.8,86.82
Clay,30.6,87.5,102.2,70.44
Sandy,33.1,82.5,109.5,77.17
Clay,28.5,47.8,62.7,86.84
Red,21.0,60.5,95.0,74.62
Red,18.7,41.5,101.1,92.91
Clay,39.7,45.5,134.1,70.98
Black,28.9,34.1,131.2,90.1
Sandy,34.4,83.3,24.8,58.14
Red,23.1,41.2,135.1,68.27
Red,35.6,89.1,142.7,94.79
Red,33.8,88.5,117.7,85.49
Red,38.3,70.8,58.1,54.37
Sandy,26.6,53.1,104.0,92.1
Clay,35.4,86.8,63.4,69.55
Clay,31.4,34.1,104.9,87.51
Alluvial,20.3,32.3,104.5,92.96
Alluvial,18.0,58.1,14.4,55.53
Loamy,32.3,54.4,61.7,83.95
Clay,23.9,59.1,37.7,43.0
Clay,28.8,42.7,47.9,40.36
Black,29.9,32.8,40.7,54.42
Clay,32.4,39.4,147.4,74.38
Loamy,24.7,33.3,70.2,67.79
Black,22.4,42.3,97.9,70.79
Laterite,21.0,83.4,37.9,35.74
Laterite,18.4,54.0,63.7,85.7
Clay,36.1,73.9,53.6,55.21
Loamy,20.8,44.6,141.5,69.62
Black,33.1,75.0,124.2,87.26
Black,20.7,79.4,94.2,83.61
Alluvial,37.0,53.5,81.8,85.78
Sandy,23.3,33.1,52.3,39.89
Black,37.9,74.5,89.1,76.06
Loamy,33.1,30.3,16.9,29.69
Clay,19.7,71.2,127.2,81.47
Sandy,25.7,82.3,123.4,70.72
Clay,23.4,79.4,98.7,84.67
Red,34.8,37.9,101.5,81.0
Alluvial,24.8,85.5,144.9,77.4
Clay,26.0,51.8,76.1,91.78
Loamy,32.0,77.4,47.3,35.13
Loamy,26.6,32.6,50.1,52.34
Laterite,24.9,74.4,95.9,71.51
Black,30.5,62.1,145.4,75.92
Black,24.3,54.1,9.4,44.64
Alluvial,26.2,88.5,127.2,65.59
Black,26.2,68.3,35.0,56.01
Loamy,19.8,39.1,130.1,65.25
Alluvial,28.1,47.5,10.9,50.06
Alluvial,33.6,58.2,21.8,48.18
Black,28.5,36.8,45.3,55.9
Laterite,21.4,42.7,67.3,66.46
Red,21.6,38.3,22.8,26.04
Clay,20.9,47.7,148.9,79.26
Clay,36.1,88.9,62.9,86.59
Red,19.7,36.2,113.6,92.2
Loamy,27.2,64.9,31.6,44.44
Black,32.4,74.4,49.9,45.49
Laterite,18.2,31.7,83.0,74.42
Laterite,24.4,79.1,41.8,48.41
Red,19.7,32.5,123.7,78.99
Laterite,24.3,60.7,83.4,87.48
Loamy,24.0,82.9,62.6,81.57
Loamy,22.8,60.2,13.0,46.84
Laterite,20.4,48.1,138.9,77.55
Sandy,32.3,54.4,29.8,48.59
Sandy,31.8,63.0,8.6,56.82
Sandy,22.0,43.1,107.8,78.14
Clay,36.5,46.4,51.9,43.04
Red,32.1,66.4,122.4,83.55
Clay,20.4,31.2,66.4,87.94
Red,22.6,84.7,127.9,82.03
Laterite,34.4,45.2,90.0,84.48
Alluvial,19.5,43.6,70.4,77.71
Loamy,18.8,83.9,127.5,80.78
Alluvial,37.5,74.5,23.2,42.19
Laterite,26.9,46.7,26.7,38.24
Laterite,30.0,53.2,85.9,87.66
Alluvial,28.8,69.4,79.6,93.58
Sandy,28.7,36.6,54.8,42.65
Red,35.5,52.5,133.8,91.16
Black,19.4,52.9,131.8,76.35
Sandy,33.0,32.1,89.2,76.9
Red,37.7,30.2,6.3,11.3
Red,37.1,47.6,108.6,82.76
Sandy,25.8,30.9,74.7,93.37
Alluvial,27.4,61.7,28.9,49.36
Laterite,24.6,58.6,14.3,52.89
Alluvial,20.1,82.8,143.4,83.06
Laterite,30.6,81.7,140.0,88.5
Sandy,20.3,58.9,40.1,53.83
Black,25.5,54.1,72.4,75.99
Laterite,20.1,37.7,24.0,15.06
Laterite,28.8,81.2,28.7,56.04
Sandy,31.5,36.2,48.3,41.92
Alluvial,33.4,32.4,98.0,73.75
Laterite,37.7,38.3,145.7,83.15
Loamy,31.0,77.1,47.7,45.49
Black,28.3,77.5,10.0,47.42
Sandy,29.3,59.9,24.2,42.27
Laterite,27.7,66.5,22.1,48.09
Sandy,20.7,86.0,134.8,65.96
Loamy,19.3,60.9,98.5,67.78
Loamy,30.6,86.8,85.8,76.88
Loamy,28.0,71.5,148.4,71.32
Red,36.3,85.9,39.5,51.81
Laterite,27.6,45.7,72.7,76.35
Clay,18.6,61.7,64.7,77.18
Black,38.2,69.6,20.2,55.96
Alluvial,26.8,63.9,90.3,94.52
Sandy,37.8,61.1,23.7,44.73
Clay,21.9,55.9,73.5,94.32
Black,24.0,54.8,18.5,40.88
Laterite,26.3,84.8,13.8,58.31
Clay,23.8,31.6,134.4,89.87
Clay,32.5,56.1,119.4,68.39
Red,22.6,31.1,30.6,40.79
Red,30.6,45.5,31.0,41.99
Laterite,37.9,47.0,149.8,75.4
Laterite,22.8,72.5,97.5,94.11
Clay,19.1,45.5,21.7,44.86
Red,19.2,38.8,147.2,77.61
Laterite,21.9,54.3,7.8,42.77
Black,39.5,47.6,87.1,82.85
Laterite,24.0,58.7,97.7,84.45
Alluvial,29.5,83.9,143.3,92.1
Laterite,33.2,80.0,100.8,68.28
Loamy,23.6,44.3,109.1,72.64
Clay,22.0,74.2,27.7,50.42
Red,18.7,73.4,143.8,85.76
Black,24.3,54.0,6.3,44.99
Clay,25.2,58.6,115.2,75.06
Red,25.4,33.0,107.5,93.76
Red,37.4,52.0,61.9,94.01
Black,23.2,74.9,121.2,83.74
Black,35.1,59.7,74.8,70.91
Black,30.4,36.4,139.8,76.01
Loamy,25.2,82.2,21.1,59.93
Alluvial,22.2,67.7,76.4,66.79
Sandy,22.0,32.6,9.4,13.87
Clay,22.0,53.8,106.9,92.08
Black,24.8,32.5,70.9,94.14
Clay,31.0,35.1,138.6,68.53
Clay,25.0,48.1,145.0,77.86
Black,29.2,47.4,89.9,76.41
Alluvial,19.2,55.2,79.0,76.88
Loamy,31.3,55.4,141.6,92.0
Laterite,26.6,46.5,111.8,89.94
Laterite,32.5,79.5,20.3,37.17
Black,25.2,34.9,31.2,41.08
Sandy,32.5,51.7,72.2,74.86
Sandy,21.0,60.1,5.4,42.35
Black,19.1,37.4,139.8,92.98
Sandy,22.5,50.3,44.4,37.85
Clay,38.3,32.3,83.3,90.66
Red,27.3,59.1,98.1,71.03
Alluvial,24.6,50.7,117.8,71.37
Black,22.0,39.4,48.2,47.0
Sandy,28.4,42.5,78.8,83.56
Laterite,36.6,57.6,142.4,71.16
Alluvial,19.8,64.8,120.3,80.95
Sandy,38.1,40.6,98.7,92.91
Loamy,26.0,82.7,132.5,71.43
Alluvial,39.6,66.2,64.3,86.61
Red,31.1,60.9,29.8,41.08
Clay,36.1,85.5,89.4,75.32
Loamy,31.6,55.9,37.2,57.77
Laterite,33.9,54.2,30.9,56.45
Black,20.6,86.6,68.0,88.57
Laterite,26.7,36.5,84.0,73.91
Alluvial,30.3,39.9,38.9,49.07
Black,19.7,47.7,111.6,73.81
Red,29.1,57.7,27.8,44.52
Clay,23.9,62.1,126.2,81.8
Loamy,22.3,77.1,32.7,59.65
Sandy,23.3,48.4,136.3,68.44
Black,27.8,82.4,53.4,44.65
Loamy,18.3,32.5,129.4,81.09
Sandy,33.9,35.9,40.5,43.63
Laterite,27.6,49.7,35.8,36.04
Alluvial,36.9,58.6,147.7,66.29
Laterite,34.7,62.9,32.6,56.84
Clay,19.6,41.6,99.1,90.19
Red,26.6,51.5,75.7,86.2
Sandy,26.1,50.3,40.5,59.95
Laterite,32.5,69.2,140.8,84.48
Black,19.6,73.9,65.6,68.06
Clay,37.3,36.6,66.3,89.35
Sandy,36.0,50.5,40.6,58.17
Sandy,22.4,38.9,20.8,12.26
Sandy,32.4,41.4,118.3,83.65
Sandy,35.4,38.0,53.2,39.13
Red,36.2,59.2,136.4,86.25
Black,36.2,59.5,146.8,78.39
Alluvial,31.4,60.2,59.9,41.71
Alluvial,21.9,39.4,6.2,10.29
Laterite,19.7,73.7,38.0,44.68
Red,23.3,63.7,74.3,79.28
Clay,39.3,83.9,135.8,67.05
Loamy,28.1,38.8,19.2,17.03
Alluvial,31.8,79.9,107.3,86.16
Clay,25.1,30.5,47.2,52.24
Loamy,26.6,78.5,138.0,88.9
Black,37.3,50.0,129.1,77.34
Loamy,22.1,48.6,18.1,53.78
Clay,25.2,69.3,148.1,85.2
Laterite,29.2,68.2,8.2,47.93
Alluvial,28.7,53.3,98.2,74.19
Alluvial,18.0,60.2,57.2,55.97
Laterite,39.8,44.7,102.4,69.55
Red,27.5,30.1,19.3,28.18
Clay,34.7,48.3,30.9,50.75
Sandy,28.6,49.4,33.7,59.64
Loamy,24.8,66.5,145.3,83.99
Sandy,38.8,78.8,90.3,94.02
Clay,35.2,81.5,92.2,71.98
Clay,20.2,32.3,63.6,71.26
Red,28.2,38.9,102.2,79.16
Laterite,25.1,35.1,134.4,76.76
Laterite,34.4,70.2,25.3,41.7
Alluvial,18.5,71.8,113.4,73.54
Laterite,25.2,81.4,107.6,85.81
Red,35.4,48.6,140.9,76.3
Red,31.4,59.5,56.5,47.24
Laterite,29.4,69.6,48.2,56.38
Black,25.6,86.0,16.3,41.85
Clay,25.4,78.4,113.8,67.04
Red,33.3,48.0,43.7,43.33
Clay,25.1,42.8,89.1,93.91
Alluvial,33.3,62.4,138.2,73.86
Clay,30.7,73.8,123.1,76.8
Clay,18.7,37.8,45.3,58.16
Sandy,34.8,61.8,45.4,47.23
Alluvial,24.5,60.7,33.9,59.04
Black,35.8,52.2,145.8,79.31
Clay,23.2,58.0,120.3,76.45
Loamy,29.5,49.9,91.0,66.31
Clay,24.3,40.5,58.0,36.43
Laterite,37.0,87.7,128.6,91.34
Black,21.3,54.1,137.5,92.55
Red,19.5,57.9,141.6,91.61
Red,22.8,45.0,36.5,49.25
Loamy,23.2,44.8,80.6,83.52
